,q_gender,q_age,q_occupation,q_is_game_developer,q_playing_on#consoles,q_playing_on#mobile_consoles,q_playing_on#mobile_devices,q_playing_on#pc,q_playing_on#tv,q_playing_on#virtual_reality,q_play_strategy_games,q_strategy_games_like#4x,q_strategy_games_like#city_builders,q_strategy_games_like#decision_driven,q_strategy_games_like#grand_strategies,q_strategy_games_like#roguelike,q_strategy_games_like#rts,q_strategy_games_like#tactics,q_strategy_games_like#tycoon,q_know_about_new_games#advertising,q_know_about_new_games#coworkers,q_know_about_new_games#do_not_search,q_know_about_new_games#free_search,q_know_about_new_games#friends,q_know_about_new_games#game_stores,q_know_about_new_games#personalized_news,q_know_about_new_games#social_networks,q_know_about_new_games#specialized_sites,q_know_about_new_games#video_services,q_playing_effort,q_like_in_games#achievements,q_like_in_games#changing_game_world,q_like_in_games#collecting,q_like_in_games#creating_strategies,q_like_in_games#customizing,q_like_in_games#exploring,q_like_in_games#looting,q_like_in_games#messing_with_game_rules,q_like_in_games#overcoming_challenges,q_like_in_games#risking,q_like_in_games#roleplaying,q_like_in_games#solving_puzzles,q_like_in_games#story,q_like_in_games#what_if_scenarious,q_rpg_elements,q_multiple_channels_esential,q_channels#augmented_reality,q_channels#chats,q_channels#magic_creatures,q_channels#magic_devices,q_channels#mobile_application,q_channels#neural_implants,q_channels#news_in_vr,q_channels#online_radio,q_channels#social_networks,q_channels#traditional_newspaper,q_channels#traditional_radio,q_channels#traditional_tv,q_channels#web_portal,q_channels#youtube,q_realistic_work,q_concurrent_agencies,q_max_agency_size,q_budget_effort,q_relationships_effort,q_office_effort,q_plot_style#adventure,q_plot_style#conspirology,q_plot_style#cyberpunk,q_plot_style#documentary,q_plot_style#fairy_tale,q_plot_style#fantasy,q_plot_style#historic,q_plot_style#mystery,q_plot_style#noir,q_plot_style#paranormal,q_plot_style#scifi,q_plot_style#urban_legends,q_morale_complexity,q_world_style#bright,q_world_style#colorful,q_world_style#complex,q_world_style#dark,q_world_style#dark_humorous,q_world_style#depressing,q_world_style#dull,q_world_style#dystopian,q_world_style#gray,q_world_style#happy,q_world_style#humorous,q_world_style#imaginative,q_world_style#inspirational,q_world_style#polite,q_world_style#realistic,q_world_style#sarcastic,q_world_style#simple,q_world_style#utopian
0,male,37,sabbatical,yes,0,0,1,1,0,1,8,1,1,1,0,1,0,0,0,1,0,0,0,1,0,1,1,0,0,7,0,1,0,1,0,1,0,0,1,0,1,0,0,0,9,7,0,0,1,0,0,1,0,0,1,1,0,0,1,0,8,few,up_to_25,3,8,3,0,1,0,0,0,0,0,0,0,1,1,1,8,0,1,1,0,0,0,0,0,0,0,0,0,1,0,1,1,0,0
2,male,25,employment,no,1,0,1,1,0,0,5,0,0,0,0,0,1,0,0,1,0,0,0,1,0,0,1,1,0,5,1,0,0,0,1,0,0,0,0,0,1,0,1,0,5,8,0,0,0,0,1,0,0,0,1,1,0,0,1,0,10,,bureaucratic_empire,7,7,5,0,1,1,0,0,0,0,0,1,0,0,1,10,0,0,0,0,0,1,0,1,1,0,0,0,0,0,1,0,0,0
3,female,40,employment,yes,0,1,0,1,0,0,6,0,0,1,0,1,0,0,1,0,0,0,0,1,0,1,1,1,0,5,0,0,0,1,0,1,0,0,0,0,0,1,1,0,10,1,0,0,0,0,0,0,0,0,0,1,0,0,1,0,7,few,bureaucratic_empire,4,7,5,0,1,1,0,0,0,0,0,1,0,0,1,7,0,0,1,0,1,0,0,0,0,0,0,0,1,0,0,1,0,0
5,male,37,employment,yes,0,0,1,1,0,0,10,1,1,0,0,0,0,0,1,1,0,0,0,0,0,0,1,0,0,5,0,1,1,1,0,0,0,0,1,0,0,1,0,0,8,10,0,1,0,0,1,0,0,0,1,1,0,0,1,0,8,few,bureaucratic_empire,9,9,5,1,0,1,0,0,0,1,0,0,0,1,0,10,0,0,0,1,1,0,0,0,1,0,0,1,1,0,0,1,0,0
6,male,35,employment,no,0,0,0,1,0,0,1,0,0,0,0,0,0,0,0,0,1,0,0,1,0,0,0,0,0,2,1,1,0,0,0,1,0,1,0,1,0,0,0,0,8,9,1,1,1,0,0,0,0,1,0,0,1,0,0,0,10,few,bureaucratic_empire,9,10,2,0,1,0,0,1,0,0,0,1,0,0,1,10,0,1,1,0,0,0,0,1,0,0,0,1,0,1,0,0,0,0
7,male,37,employment,no,1,1,1,1,0,0,9,0,1,0,0,1,1,0,1,1,0,0,0,0,0,1,1,0,0,7,0,1,0,1,0,1,0,0,0,0,0,0,0,0,8,7,0,0,0,0,0,0,0,0,0,0,0,0,0,1,7,the_more_the_better,up_to_50,7,8,9,1,0,0,1,0,1,0,0,0,0,1,0,9,0,0,1,0,0,0,0,0,0,1,1,0,1,0,1,0,0,1
8,male,42,employment,no,0,0,0,0,0,1,1,0,0,0,0,0,0,0,0,0,0,1,0,0,0,0,0,0,0,10,0,0,0,0,0,1,0,0,0,0,0,0,0,0,1,1,0,0,0,0,0,0,0,0,0,0,0,0,0,0,1,,,1,1,1,0,0,0,0,0,0,0,0,0,0,0,0,1,0,0,0,1,0,0,0,0,0,0,0,0,0,0,0,0,0,0
10,male,44,employment,no,0,0,1,1,0,0,8,1,0,0,0,1,1,0,0,0,0,0,0,0,1,0,1,1,0,8,1,0,1,1,0,0,0,1,0,0,0,0,1,0,10,8,1,0,1,0,0,0,1,0,1,1,0,0,0,0,8,the_more_the_better,up_to_25,5,7,8,0,1,1,0,0,0,0,0,0,1,0,1,6,0,0,1,0,1,0,0,0,1,0,0,0,1,0,0,1,0,0
11,male,39,employment,no,0,0,0,1,0,0,8,0,0,0,0,0,1,0,0,0,0,0,0,1,0,0,1,1,0,9,1,0,0,0,0,1,0,0,1,1,0,0,1,0,8,3,0,0,1,1,1,0,0,0,0,1,0,1,0,0,8,few,up_to_25,8,8,9,0,1,0,0,1,0,0,0,0,1,0,1,8,0,0,1,0,1,0,0,1,0,0,0,0,1,0,1,1,0,0
12,male,39,sabbatical,no,0,0,0,1,0,0,8,1,1,0,1,0,1,0,0,0,0,0,0,1,0,0,1,1,0,8,0,1,0,1,0,1,0,0,1,0,1,0,0,0,7,10,1,0,1,1,0,1,0,0,0,1,0,0,0,0,5,few,bureaucratic_empire,10,10,10,0,0,1,0,1,1,0,0,0,0,1,0,7,0,1,1,0,1,0,0,0,0,0,0,1,0,0,0,0,0,1
14,male,38,employment,no,0,0,0,1,0,0,10,1,1,1,0,0,1,0,0,1,0,0,0,0,0,1,0,0,0,10,1,0,0,0,0,1,0,0,1,0,0,0,1,0,8,10,0,0,0,0,1,0,0,0,0,1,1,1,1,0,10,the_more_the_better,up_to_50,6,8,8,0,1,1,0,0,0,0,0,0,1,1,0,10,0,0,0,1,0,0,0,1,0,0,0,0,0,0,1,0,0,0
15,male,30,employment,no,0,1,1,1,0,1,9,1,1,0,1,0,0,0,1,1,0,0,0,1,0,1,1,0,0,8,0,1,0,0,1,1,1,0,0,0,0,0,1,0,7,9,1,0,0,0,0,0,0,1,1,0,0,1,1,0,8,few,up_to_25,5,6,7,0,1,1,0,0,0,0,1,0,0,1,0,8,0,0,1,0,1,1,0,1,1,0,0,0,0,0,1,0,0,0
16,male,32,employment,no,0,1,0,1,0,0,6,1,1,0,0,1,1,0,0,0,0,0,0,0,0,0,1,1,0,1,0,0,0,1,0,0,0,2,0,0,0,1,0,0,3,7,0,0,1,0,0,0,0,1,0,0,1,0,0,1,1,the_more_the_better,up_to_25,2,3,5,0,0,0,0,1,0,0,2,0,1,0,0,5,0,1,0,0,0,0,0,0,0,1,1,0,1,0,0,0,1,0
17,male,25,unemployed,no,0,0,0,1,0,0,10,0,0,1,0,1,1,1,0,1,0,0,0,1,0,1,1,1,0,7,0,0,1,1,0,1,0,0,0,0,1,0,0,1,9,8,1,0,0,0,0,0,0,0,1,1,0,1,1,0,8,the_more_the_better,bureaucratic_empire,6,9,4,0,2,0,1,0,0,0,0,1,0,0,0,10,0,0,1,0,1,0,0,0,0,0,1,0,0,1,1,1,0,0
18,female,30,employment,no,0,1,1,0,0,0,5,0,1,0,0,0,0,0,1,1,0,0,0,0,0,0,1,0,0,3,1,0,0,0,1,1,0,0,0,0,1,0,1,0,8,6,0,0,1,0,0,0,0,0,0,1,1,1,0,0,4,few,up_to_25,5,9,9,0,0,1,0,1,0,0,1,0,1,0,0,8,0,0,1,1,0,0,0,1,1,0,0,1,0,0,0,0,0,0
19,male,22,student,no,0,0,1,1,0,0,10,1,0,1,1,0,0,0,0,1,0,0,0,0,0,1,1,0,0,6,1,0,0,0,0,1,0,0,1,0,0,0,1,0,3,7,0,0,1,0,0,0,0,1,0,1,0,1,0,1,6,few,up_to_25,5,8,1,0,1,1,0,0,0,0,0,0,1,1,0,7,0,0,1,0,1,0,0,1,1,0,1,1,0,0,0,0,0,0
20,male,21,student,no,0,0,0,1,0,0,6,0,1,0,1,1,0,0,1,0,0,0,1,0,0,0,0,0,0,7,1,0,1,0,0,1,0,0,0,0,0,1,1,0,5,3,0,0,0,0,0,0,0,1,0,1,1,1,1,0,8,few,small_or_automanage,5,4,6,1,0,0,0,0,1,0,0,0,0,0,1,6,0,0,0,0,1,0,0,0,0,0,1,1,1,0,0,1,0,0
21,male,32,employment,no,1,0,0,1,0,0,7,0,0,0,0,0,1,0,0,0,0,0,0,0,0,1,1,1,0,5,1,0,0,1,0,0,0,0,0,1,0,0,1,1,6,9,0,0,0,0,1,0,1,0,1,0,0,1,0,1,7,few,up_to_25,5,9,7,1,0,1,0,0,1,0,0,0,0,1,0,8,0,1,0,0,1,0,0,0,0,0,0,1,0,0,1,1,0,1
22,male,21,employment,yes,0,1,1,1,0,0,10,1,1,0,1,0,0,0,0,0,1,0,0,1,0,0,1,1,0,8,0,1,0,0,0,0,0,1,1,0,0,0,1,1,8,9,1,1,0,0,0,0,0,0,1,1,0,0,1,0,10,few,up_to_50,9,9,6,0,1,0,0,0,0,0,0,1,0,1,0,10,0,0,1,0,0,0,0,0,1,0,0,0,0,0,1,0,1,0
23,male,34,employment,no,0,1,1,1,0,0,8,0,0,1,0,1,1,0,1,0,0,0,0,1,0,0,1,0,0,3,1,0,1,0,0,1,1,0,0,0,0,0,0,0,9,7,0,0,0,0,1,0,0,0,1,0,0,1,1,1,7,few,bureaucratic_empire,7,8,8,1,0,1,1,0,0,0,0,0,1,0,0,4,0,1,0,0,1,0,0,0,0,0,0,1,0,0,1,1,1,0
25,male,38,employment,no,0,0,0,1,0,0,8,0,1,0,1,0,1,0,1,1,0,0,0,1,0,1,1,1,0,10,1,0,0,0,0,1,0,1,1,0,0,1,0,0,6,2,0,0,0,0,1,1,0,0,0,1,0,1,0,0,4,the_more_the_better,small_or_automanage,7,7,8,0,0,1,0,0,0,0,0,0,0,1,1,9,0,0,0,0,1,0,0,1,0,0,1,0,0,0,0,0,0,1
26,female,31,employment,no,1,0,1,1,0,0,7,0,1,0,1,0,1,0,1,1,1,0,0,1,0,0,1,0,0,6,0,1,1,0,1,0,0,0,0,0,0,1,0,1,7,10,0,0,0,0,0,1,1,0,1,1,0,1,0,0,5,few,up_to_25,3,9,7,0,0,1,0,0,0,0,0,1,0,1,1,8,0,0,1,0,1,0,0,1,0,0,0,1,1,0,1,0,0,0
27,male,21,employment,no,0,0,1,1,0,0,8,0,0,1,0,0,1,0,0,0,0,0,0,1,0,1,1,0,0,8,1,1,0,1,0,0,0,0,0,0,0,0,1,1,9,9,1,1,0,1,0,0,0,0,1,0,0,0,1,0,6,the_more_the_better,up_to_50,8,6,3,0,0,0,0,1,0,0,0,1,1,1,0,6,0,1,1,0,1,0,0,0,0,0,0,1,0,0,0,1,0,1
28,male,38,employment,no,0,0,0,1,0,0,10,1,1,0,1,0,0,0,1,1,0,0,0,0,0,1,1,1,0,9,2,0,1,1,0,0,0,0,0,0,0,1,0,0,6,4,0,0,0,1,1,1,0,0,0,0,0,1,1,0,5,few,up_to_25,8,4,6,0,1,1,1,0,0,0,0,0,0,1,0,3,0,0,1,0,0,0,0,1,0,0,0,1,1,0,1,0,0,1
29,male,28,employment,no,0,0,0,1,0,0,9,1,1,0,0,0,0,0,1,0,0,0,0,1,0,0,1,0,0,7,0,0,0,1,1,1,1,0,0,0,0,0,0,0,10,10,0,0,0,0,0,0,0,0,1,1,0,1,1,0,4,few,bureaucratic_empire,5,7,8,0,0,1,0,0,0,0,0,0,1,0,1,10,0,1,0,0,1,0,0,1,0,0,0,0,0,0,0,0,0,0
30,male,40,employment,yes,0,0,0,1,0,0,9,0,1,1,0,1,1,0,0,1,0,0,0,0,0,1,0,0,0,8,1,0,0,1,0,1,0,0,0,0,1,0,1,0,10,10,0,0,0,0,1,0,0,1,1,0,0,1,1,0,7,few,bureaucratic_empire,5,8,8,0,0,1,0,0,1,0,1,0,0,1,0,10,0,0,1,0,0,1,0,0,1,0,0,0,1,0,1,0,0,0
32,female,,unemployed,no,0,0,0,1,0,0,4,0,1,1,0,1,1,0,0,0,0,0,0,0,0,0,0,1,0,8,0,0,0,1,1,0,0,0,1,0,1,0,1,0,9,3,0,1,0,0,0,1,0,0,0,1,0,1,1,0,9,few,up_to_25,3,7,5,0,0,1,0,0,0,0,0,0,0,1,0,9,0,1,0,0,1,0,0,0,0,0,1,1,0,0,0,0,0,0
34,male,44,employment,no,0,0,0,1,0,0,9,1,0,1,0,1,0,0,1,1,0,0,0,1,0,0,1,0,0,7,1,0,0,1,0,0,0,0,0,0,1,1,1,0,10,9,0,1,0,0,0,0,0,0,1,1,0,1,0,0,9,the_more_the_better,up_to_50,7,9,9,0,0,1,0,0,0,1,1,1,0,0,0,10,0,0,1,1,0,1,0,1,0,0,0,1,0,0,1,0,0,0
35,male,41,employment,no,1,0,0,1,0,0,8,0,1,0,1,0,0,0,0,0,0,0,0,0,0,0,1,1,0,10,0,1,0,0,0,1,0,0,0,0,1,1,1,0,10,8,0,1,0,0,0,0,0,1,1,0,0,0,1,0,8,few,up_to_25,3,8,6,0,0,0,1,0,0,1,0,1,0,0,1,9,0,0,0,0,0,0,0,0,0,0,0,1,1,0,0,0,0,1
36,male,33,student,no,0,0,0,1,0,0,8,1,1,1,0,0,0,0,1,0,0,0,0,1,0,1,1,0,0,8,1,0,0,1,0,0,0,0,0,0,0,1,1,1,7,4,1,0,0,0,1,0,0,0,1,0,0,1,1,0,8,few,up_to_100,7,5,7,0,0,0,0,1,1,0,0,0,0,1,1,8,0,0,1,0,1,0,0,1,0,0,0,1,1,0,0,0,0,1
37,male,31,unemployed,no,0,0,1,1,0,0,6,1,1,0,1,0,1,0,0,0,0,0,0,1,0,0,1,1,0,10,1,1,0,0,0,1,1,0,0,0,0,0,1,0,10,5,0,0,1,1,0,1,0,0,1,0,0,0,0,0,10,few,up_to_100,5,7,7,0,1,0,1,0,0,0,0,1,0,0,1,10,0,0,1,1,0,1,0,1,1,0,0,0,0,0,0,0,0,0
38,male,27,unemployed,yes,0,0,1,1,0,0,3,0,1,1,0,0,1,0,0,0,0,0,0,1,0,0,1,0,0,7,0,1,0,0,0,1,1,0,0,0,0,0,0,0,7,10,0,0,0,0,0,1,0,0,0,1,0,1,1,1,5,few,up_to_10,5,3,3,0,0,0,0,0,1,0,0,0,1,0,1,5,0,0,0,0,0,0,0,0,0,0,1,1,0,0,0,0,0,0
39,male,19,student,yes,0,0,1,1,0,0,10,1,0,1,1,1,0,0,0,0,0,0,0,1,0,1,1,0,0,7,0,1,0,1,0,0,0,1,0,0,1,0,1,0,8,10,0,0,0,0,1,0,0,0,0,1,1,1,1,0,5,few,small_or_automanage,9,10,8,0,0,0,1,0,0,1,0,1,0,1,0,10,0,0,1,0,0,1,0,1,1,0,0,0,0,0,1,1,0,0
40,male,34,employment,yes,1,0,0,0,0,0,7,0,0,0,1,0,0,0,0,0,0,0,0,0,0,0,1,0,0,7,0,0,0,0,0,0,0,0,0,0,1,0,1,0,10,7,0,1,0,0,0,0,0,1,1,1,0,0,0,0,10,few,up_to_25,1,10,1,0,0,0,0,0,1,1,0,0,0,0,0,10,0,1,1,1,0,1,0,0,0,0,0,1,0,0,0,0,0,0
41,male,43,employment,no,0,0,0,1,0,0,8,1,0,1,1,0,0,1,0,0,0,0,0,0,0,0,0,1,0,7,0,1,0,0,0,1,0,0,0,0,0,1,1,1,5,5,0,0,0,0,0,0,0,0,0,0,0,0,0,0,7,,,7,7,7,0,0,0,0,0,0,0,1,1,0,1,1,7,1,1,1,1,0,0,0,1,0,0,0,0,0,0,0,0,0,1
42,male,,student,no,0,0,0,1,0,0,7,0,1,0,1,1,0,0,1,0,0,0,0,0,0,0,1,1,0,4,0,0,1,0,0,0,1,0,0,0,0,0,0,1,10,5,0,0,0,0,0,0,0,0,0,1,1,1,0,0,5,few,bureaucratic_empire,5,6,4,0,0,0,0,1,0,1,0,0,1,0,1,7,1,1,0,0,0,0,0,0,0,0,1,1,0,0,0,0,0,0
43,male,61,sabbatical,no,0,0,0,1,0,0,10,1,1,0,1,1,0,0,0,0,0,0,0,0,0,1,0,0,1,7,0,0,0,1,0,1,0,0,0,1,0,1,0,0,7,8,0,0,0,0,0,0,0,1,1,0,0,1,1,1,8,few,up_to_25,7,5,8,0,1,1,0,0,0,0,0,1,0,0,1,8,0,0,0,0,1,0,1,1,0,0,0,0,0,0,0,0,0,0
44,male,26,unemployed,yes,0,0,0,1,0,0,6,1,1,0,1,0,1,0,0,0,0,0,0,0,0,0,1,0,0,6,0,1,0,0,1,1,0,0,1,1,0,0,0,0,7,10,0,0,0,0,0,0,0,1,1,1,0,1,0,1,8,the_more_the_better,bureaucratic_empire,6,5,8,1,0,0,1,0,1,1,0,0,0,0,0,10,1,0,1,0,1,0,0,0,0,0,0,1,1,0,1,0,0,0
45,male,32,employment,no,0,1,0,1,0,0,10,0,0,1,1,1,0,0,1,0,0,0,0,1,0,0,1,0,0,7,0,1,0,1,1,1,0,0,0,0,1,0,0,0,10,3,1,0,0,0,0,1,0,0,0,1,0,0,1,0,8,few,bureaucratic_empire,4,6,6,0,1,1,0,0,0,0,0,1,0,0,0,10,0,0,1,1,0,1,0,1,0,0,0,0,0,0,0,0,0,0
46,male,37,employment,no,0,0,0,1,0,0,8,1,0,0,0,0,0,0,0,0,1,0,0,1,0,0,0,0,0,5,0,0,1,0,0,1,1,1,0,0,0,0,1,0,8,6,1,0,1,1,0,0,0,0,0,1,0,1,0,0,1,the_more_the_better,up_to_50,1,9,7,0,0,0,0,0,1,0,0,0,1,1,1,8,0,1,0,0,1,0,0,0,0,0,1,1,0,0,0,1,0,0
47,male,43,employment,no,0,0,0,1,0,0,9,0,0,1,1,1,0,0,1,0,0,0,0,1,0,1,1,0,0,7,0,1,0,1,0,0,0,0,0,0,1,0,0,0,8,8,0,1,1,0,0,1,0,0,0,1,0,0,1,0,7,few,bureaucratic_empire,9,8,5,0,0,1,0,0,0,0,0,1,1,1,0,6,0,0,0,0,1,0,0,0,0,0,0,0,0,0,0,0,0,0
48,male,38,employment,no,0,0,1,1,0,0,6,0,1,0,0,0,0,0,1,0,0,0,0,1,0,0,0,1,0,7,0,1,0,1,0,1,1,0,0,0,0,0,0,0,6,5,0,0,0,0,0,0,0,1,0,1,1,1,1,0,7,,bureaucratic_empire,7,4,6,0,1,0,1,0,1,0,0,0,0,0,1,6,0,0,1,0,0,0,0,1,0,0,0,1,0,0,0,0,0,0
49,male,26,employment,no,0,0,1,1,0,0,10,0,0,0,1,0,0,1,0,1,0,0,0,0,0,1,1,1,0,9,0,0,0,1,0,0,0,0,1,1,0,1,0,1,10,8,0,0,0,0,0,0,0,0,1,1,1,1,0,1,5,few,up_to_25,9,4,9,0,0,1,0,0,1,1,0,0,0,1,0,5,0,0,1,0,0,0,0,0,0,0,0,0,0,0,0,0,0,0
50,male,28,employment,no,0,0,1,1,0,0,8,0,0,0,0,0,0,0,0,0,1,0,0,1,0,1,1,0,0,8,0,1,1,1,0,0,1,0,0,0,0,0,0,1,9,10,0,0,0,0,0,0,0,0,0,1,1,1,1,1,3,few,bureaucratic_empire,10,4,8,1,1,0,0,0,1,1,0,0,0,0,0,5,0,0,0,1,1,0,0,0,0,0,1,0,0,0,1,1,0,0
51,prefer_not_to_say,53,employment,no,0,0,0,1,0,0,10,1,0,0,1,1,1,0,0,0,0,0,0,0,0,0,1,0,0,10,0,1,0,1,0,1,0,0,0,0,0,0,0,0,6,10,1,1,0,0,0,1,1,0,1,0,0,0,0,0,10,the_more_the_better,bureaucratic_empire,10,8,1,0,0,1,0,0,0,0,1,1,0,1,0,10,1,0,1,0,0,0,0,0,0,1,0,1,1,0,0,0,0,1
52,male,33,employment,yes,0,0,1,1,0,0,8,1,0,1,0,0,0,1,0,1,0,0,0,1,0,0,0,1,0,9,1,0,1,1,0,0,0,1,1,0,0,0,0,0,9,1,0,0,0,0,0,0,0,0,0,0,0,0,0,0,5,,up_to_25,1,6,3,0,0,0,0,0,0,0,0,0,0,0,0,1,0,0,0,0,0,0,0,1,0,0,0,0,0,0,0,0,0,1
53,male,35,employment,no,0,0,1,1,0,0,10,1,1,0,1,1,0,0,0,0,0,0,0,1,0,0,0,1,0,10,0,0,0,1,0,1,0,0,0,0,1,1,0,0,10,10,0,0,0,0,0,0,0,1,1,1,0,0,1,1,8,the_more_the_better,bureaucratic_empire,6,7,5,0,0,0,0,0,0,0,0,0,0,0,0,7,0,1,1,0,0,0,0,0,0,0,1,1,1,0,0,0,0,0
54,male,18,student,no,0,0,0,1,0,0,8,1,0,0,1,1,0,0,0,0,0,0,0,0,0,0,1,0,0,4,0,1,0,1,0,0,0,0,0,0,1,0,0,1,5,7,0,0,0,0,0,0,0,1,0,1,1,1,1,0,5,the_more_the_better,up_to_50,5,7,6,0,1,1,0,0,0,1,0,1,0,0,0,8,0,0,1,0,0,1,0,1,1,0,0,1,0,0,1,0,0,0
55,male,29,employment,no,0,0,1,1,0,0,3,0,1,0,0,0,0,0,1,0,0,0,0,0,0,0,1,0,0,7,1,0,0,0,0,0,1,0,0,0,0,0,0,0,7,1,0,0,0,0,0,0,0,0,0,1,1,1,0,0,10,few,small_or_automanage,5,7,8,0,1,1,0,0,0,0,0,0,1,0,1,8,0,0,0,0,1,0,0,1,1,0,1,0,0,0,0,1,0,0
56,male,33,employment,no,0,0,1,1,0,0,10,1,0,0,1,1,0,0,1,1,0,0,0,1,0,0,1,0,0,6,0,1,0,1,0,1,0,0,0,0,1,0,0,1,8,10,1,0,0,0,0,1,0,0,1,0,0,0,1,1,7,few,up_to_25,7,6,8,0,0,1,0,0,1,1,0,0,0,1,0,8,0,0,0,0,1,0,0,1,0,0,1,0,0,0,1,0,0,0
58,male,21,unemployed,no,0,0,0,1,0,0,10,1,0,1,1,0,1,0,0,1,0,0,0,1,0,1,0,0,0,8,1,0,0,1,1,0,0,0,0,0,1,0,0,1,8,9,0,0,0,0,0,0,0,1,1,1,0,1,1,0,10,few,up_to_25,8,8,1,0,1,0,0,0,0,0,1,1,0,1,0,8,0,0,1,0,1,0,0,1,1,0,0,1,0,0,0,0,1,0
59,male,30,employment,no,0,0,1,1,0,0,5,0,1,0,0,0,0,0,1,0,1,0,0,0,0,0,0,0,0,7,1,0,0,0,1,0,1,0,0,0,0,0,1,0,10,8,0,0,0,0,0,0,0,0,1,0,0,0,0,1,5,few,up_to_25,5,9,9,1,0,0,0,0,0,0,1,0,0,0,0,8,0,0,0,1,0,0,0,0,0,0,1,0,0,0,0,0,0,0
60,male,28,employment,no,0,0,1,1,0,1,7,1,0,0,0,1,1,0,1,1,0,0,0,0,0,1,0,1,0,10,1,1,0,1,0,1,0,0,0,0,1,0,0,0,10,10,0,1,0,0,0,0,0,0,1,0,0,1,1,1,8,the_more_the_better,bureaucratic_empire,8,10,10,0,0,1,0,1,1,0,0,0,0,1,0,8,1,1,1,0,0,0,0,1,0,0,0,0,0,0,0,1,0,1
63,male,23,employment,no,0,0,0,1,0,0,9,0,1,1,0,1,0,1,0,0,0,0,0,1,0,1,1,0,0,5,0,0,0,1,0,1,1,0,0,0,0,1,1,0,8,8,0,0,1,0,0,0,1,1,1,0,0,0,1,0,7,few,up_to_25,3,7,1,1,1,1,0,0,0,0,0,0,0,0,1,7,0,0,0,0,0,0,0,0,0,0,0,0,0,0,1,1,0,1
64,male,27,sabbatical,no,0,0,0,1,0,0,8,1,1,1,0,1,0,0,0,0,0,0,0,1,0,1,0,0,0,9,0,1,0,1,0,0,0,0,1,0,0,1,0,1,7,10,0,0,0,0,0,1,0,0,1,1,0,1,1,0,10,the_more_the_better,up_to_100,7,6,3,0,1,0,0,0,0,0,0,0,1,1,1,9,0,1,1,0,1,0,0,0,0,0,0,1,0,0,0,0,0,0
65,male,16,student,yes,1,0,1,1,0,0,9,0,0,0,1,1,1,0,0,0,0,0,0,1,0,0,1,0,0,7,0,0,0,1,0,1,0,0,0,0,0,1,0,0,4,4,0,0,0,0,0,0,0,0,0,1,1,1,0,0,6,few,bureaucratic_empire,5,4,4,0,1,0,1,0,0,1,0,1,0,0,0,10,0,0,0,0,1,1,0,1,0,0,0,0,0,0,0,0,1,0
66,male,22,employment,no,0,0,1,1,0,0,10,1,0,1,1,1,0,0,0,0,0,0,0,0,0,1,1,0,0,8,0,1,0,1,0,0,0,1,0,0,1,0,1,0,10,5,0,1,0,0,0,0,0,1,1,0,0,0,1,1,10,,bureaucratic_empire,1,10,6,1,1,0,0,0,1,0,0,0,0,1,0,10,0,1,1,0,1,0,0,0,0,0,0,1,1,0,0,1,0,0
68,male,31,employment,no,0,0,0,1,0,0,5,0,1,0,1,0,0,0,1,0,1,0,0,1,0,1,1,0,0,5,1,0,1,1,0,1,0,0,0,0,0,0,0,1,5,10,0,0,1,0,0,0,0,0,1,1,0,0,1,1,10,few,up_to_25,10,5,10,0,1,1,0,0,0,0,1,0,1,0,0,10,0,0,0,1,1,0,0,0,1,0,1,0,0,1,0,0,0,1
69,male,23,employment,yes,0,0,0,1,0,0,10,1,0,1,1,0,1,0,0,0,0,0,0,1,0,1,1,0,0,6,1,0,0,0,0,0,0,0,0,0,1,1,1,1,10,7,0,1,0,0,1,0,0,0,0,1,0,1,0,0,5,few,up_to_25,4,7,7,0,1,1,0,1,0,0,0,1,0,0,0,8,0,0,0,1,1,0,0,1,1,0,0,0,0,0,0,1,0,0
71,male,39,employment,no,1,0,0,1,0,0,9,1,1,0,0,0,1,0,0,1,0,0,0,1,0,1,0,1,0,10,0,0,1,1,0,1,0,0,0,0,0,1,1,0,10,8,0,0,1,1,0,0,0,0,0,1,0,1,1,0,5,,up_to_50,5,5,9,1,0,0,0,0,1,0,1,0,0,1,0,5,0,0,0,0,1,0,0,0,1,0,0,1,1,0,0,1,0,0
72,male,29,employment,no,0,0,1,1,0,0,7,1,0,0,1,1,0,0,0,1,0,0,0,0,0,0,1,1,0,9,1,0,1,0,0,0,0,0,0,0,1,1,1,0,9,9,1,0,0,0,1,1,0,1,0,0,0,0,0,0,7,few,up_to_25,6,8,7,0,0,0,0,0,1,0,0,1,0,1,1,8,0,1,0,0,0,0,0,1,0,0,1,0,0,0,0,1,0,1
73,male,,employment,no,0,0,0,1,0,0,8,1,0,0,0,0,1,0,0,1,0,0,0,1,0,1,0,1,0,5,0,0,0,1,0,0,0,1,0,1,0,0,1,1,7,7,0,1,0,0,0,0,0,1,0,1,1,1,0,0,10,few,up_to_25,7,7,4,0,0,0,0,0,1,0,1,0,0,1,0,6,0,0,0,0,0,0,0,0,1,0,1,1,1,0,0,1,0,0
74,male,14,student,no,1,0,1,1,0,0,8,1,0,0,0,1,0,0,0,1,0,0,0,1,0,0,2,0,0,7,0,0,0,0,0,1,1,0,1,0,1,0,1,0,8,8,0,0,0,0,1,0,0,0,1,0,1,1,1,0,5,few,small_or_automanage,6,7,5,1,0,0,0,0,0,1,1,0,0,1,0,9,0,0,0,1,1,1,0,1,0,0,1,0,0,0,1,0,0,0
75,male,35,employment,no,0,0,1,1,0,0,8,1,1,0,0,1,0,0,1,0,0,0,0,1,0,1,1,0,0,4,0,1,0,1,0,1,0,0,0,0,0,1,1,0,9,9,0,1,1,1,0,0,0,0,1,0,0,1,0,0,9,few,up_to_10,8,6,4,0,1,1,0,0,1,0,0,0,0,1,0,9,0,0,1,0,1,0,0,1,0,0,0,1,1,0,0,1,0,0
76,female,,student,no,0,0,1,0,0,0,10,0,1,1,0,0,0,0,1,1,0,0,0,0,0,0,0,0,0,5,0,0,0,1,0,0,0,1,0,0,0,1,1,1,6,6,0,0,0,0,0,0,1,1,0,1,1,1,0,0,10,the_more_the_better,bureaucratic_empire,9,10,10,0,0,0,1,0,0,1,1,1,0,0,0,6,0,0,0,0,1,0,1,0,1,0,0,0,0,0,1,1,1,0
77,male,36,employment,yes,0,0,1,1,0,0,9,0,0,0,1,0,1,0,1,0,0,0,0,0,0,0,0,1,0,7,0,1,0,0,0,0,1,1,0,0,0,0,0,0,6,4,0,0,0,0,0,0,0,0,0,0,0,0,1,0,3,few,up_to_25,3,4,6,0,0,1,0,0,1,0,0,1,0,1,0,3,0,0,0,0,0,0,0,0,1,0,1,1,0,0,0,0,1,0
78,non_binary_other,20,student,no,0,0,0,1,0,0,10,1,0,1,1,1,0,0,0,1,0,0,0,1,0,0,1,0,0,9,1,1,0,0,0,1,0,0,0,0,1,0,0,0,10,6,0,0,0,0,0,0,0,1,1,1,1,1,0,0,10,the_more_the_better,up_to_25,3,10,6,0,1,0,0,0,0,0,1,0,1,0,1,10,0,0,0,1,1,1,1,1,1,0,0,0,0,0,0,0,0,0
80,male,55,employment,no,0,0,0,1,0,0,9,1,0,0,0,1,0,0,0,1,1,0,0,1,0,0,1,1,0,8,1,0,0,0,0,1,0,0,1,0,0,1,1,0,7,9,0,1,0,0,0,1,0,0,0,1,0,1,0,1,10,few,up_to_25,8,9,5,0,1,1,0,0,0,0,0,1,1,0,0,10,0,0,1,1,1,0,0,1,0,0,0,1,0,0,0,0,0,0
81,male,38,employment,no,0,0,0,1,0,0,9,1,1,0,1,0,0,0,1,1,0,0,0,1,0,0,1,0,0,8,1,0,0,1,0,1,0,0,0,0,0,1,1,0,9,8,1,0,0,0,1,0,0,1,1,0,0,0,0,0,3,few,bureaucratic_empire,8,6,7,1,0,0,0,0,1,0,0,0,0,1,0,8,1,0,0,0,0,0,0,0,0,0,1,1,1,0,0,1,0,0
82,male,33,employment,no,0,0,0,1,0,0,8,0,0,0,0,1,0,1,0,0,0,0,0,1,0,1,0,1,0,8,0,0,0,0,0,1,0,0,1,0,0,1,1,1,8,8,1,0,0,0,0,0,1,0,1,0,0,1,1,0,10,few,up_to_10,2,7,2,0,0,1,0,0,1,0,0,1,0,1,0,8,0,1,1,0,0,0,0,1,0,0,0,1,1,0,0,0,0,0
84,male,23,employment,no,0,0,1,1,0,0,8,1,0,1,1,1,0,0,0,0,0,0,0,1,0,0,1,0,0,9,0,1,1,1,0,0,0,0,0,0,0,0,0,1,6,2,0,0,0,0,0,0,0,0,0,0,0,0,0,0,10,few,up_to_50,10,8,8,0,0,0,0,0,1,1,1,0,0,1,0,8,0,0,1,1,0,0,0,1,0,0,0,0,0,0,0,0,0,0
86,male,30,unemployed,no,0,0,1,1,0,1,7,1,1,0,0,1,1,0,0,0,0,0,0,1,0,0,1,0,0,7,1,0,1,1,0,1,1,0,0,0,0,0,0,0,6,7,0,0,0,0,0,1,0,0,1,1,0,0,0,0,4,few,up_to_25,8,8,9,0,0,1,0,0,0,1,0,0,0,1,1,6,0,0,0,1,1,0,0,0,0,0,0,1,0,0,0,0,0,1
87,male,21,sabbatical,no,1,1,1,1,0,0,7,1,0,0,1,0,0,0,1,1,0,0,0,0,0,1,1,1,0,7,0,0,1,0,0,1,1,0,0,0,1,0,1,0,10,8,1,0,0,0,0,1,1,0,1,0,0,0,0,1,8,few,up_to_25,4,8,6,0,0,1,0,0,0,0,0,1,0,1,1,8,0,0,0,0,1,0,0,1,1,0,0,1,0,0,0,0,0,0
88,male,37,employment,no,0,0,0,1,0,0,8,1,0,0,1,1,0,0,1,0,0,0,0,0,0,0,1,1,0,9,0,0,0,1,1,1,0,0,0,0,1,0,1,0,9,5,1,0,0,0,0,1,1,0,0,0,0,0,1,1,6,few,up_to_25,8,8,7,0,1,0,1,0,0,0,0,0,1,0,1,8,1,1,1,0,0,0,0,0,0,0,1,0,0,1,1,0,0,0
89,female,31,employment,no,0,1,0,1,0,0,4,0,0,0,0,0,0,0,0,1,0,0,0,0,0,1,0,0,0,7,0,0,0,0,0,1,0,0,1,0,0,1,1,0,7,6,0,0,0,0,1,0,0,1,1,1,0,0,0,1,8,,up_to_100,4,7,4,0,0,0,0,0,0,0,1,1,1,0,1,7,1,1,1,0,1,0,0,0,0,0,1,1,0,0,0,0,0,0
91,male,31,employment,no,0,0,0,1,0,0,5,0,1,1,0,1,0,0,0,0,0,0,0,1,0,0,0,0,0,4,0,1,0,1,0,1,0,1,0,0,1,0,0,0,10,6,1,0,1,1,0,1,1,0,0,0,0,0,0,0,5,few,up_to_50,4,9,7,0,0,0,0,0,1,0,1,0,1,1,0,7,0,0,0,0,1,0,0,0,0,0,0,1,0,0,0,1,0,0
92,female,35,employment,no,0,0,1,1,0,0,8,1,1,0,0,0,0,0,1,0,0,0,0,1,0,1,1,0,0,4,0,0,1,0,1,1,0,0,0,0,0,0,1,0,10,10,0,0,1,0,1,1,0,1,1,0,0,0,0,0,5,,bureaucratic_empire,4,6,6,0,1,0,1,0,0,1,0,0,0,0,1,7,1,1,0,0,0,0,0,0,0,0,1,0,0,0,0,0,0,0
93,male,14,student,yes,0,0,0,1,0,0,8,0,0,1,0,1,0,0,1,1,0,0,0,0,0,0,1,0,0,8,1,0,0,1,1,1,0,0,0,0,0,0,1,0,10,10,0,0,0,0,0,0,0,0,1,1,1,1,0,1,3,the_more_the_better,bureaucratic_empire,7,7,8,1,0,0,0,0,0,0,0,0,0,1,0,4,1,1,0,0,0,0,0,0,0,1,1,1,0,0,0,0,1,0
94,male,40,employment,no,0,0,1,1,0,0,5,1,0,0,0,0,0,0,0,0,0,0,0,1,0,0,1,0,0,8,0,1,0,0,0,1,0,0,1,0,1,0,0,1,5,7,0,0,0,0,0,1,1,0,0,1,0,0,1,1,7,few,up_to_25,6,6,5,0,0,1,1,0,0,0,0,0,1,0,1,8,0,0,1,1,1,0,0,0,1,0,0,1,1,0,0,0,0,0
96,male,19,student,yes,0,0,0,1,0,0,5,1,1,1,0,0,0,0,1,0,0,0,0,1,0,0,1,0,0,8,0,1,0,0,0,0,1,0,0,1,1,0,0,0,9,9,0,0,0,0,0,0,0,1,1,0,0,1,0,1,10,few,up_to_50,6,9,4,1,1,0,0,0,0,0,1,1,0,0,0,10,0,0,0,0,1,1,0,0,1,0,0,1,0,0,0,0,1,0
97,male,43,employment,no,0,0,1,1,0,1,6,0,1,1,0,1,0,0,1,0,0,0,0,1,0,1,0,0,0,6,0,1,0,1,1,1,0,0,0,0,0,0,0,1,5,8,1,0,0,0,0,1,1,0,0,0,0,0,0,0,10,few,up_to_100,10,10,10,0,0,1,0,0,0,0,0,1,0,1,1,8,0,0,1,0,1,0,0,1,1,0,0,0,0,0,1,0,0,0
98,male,18,student,no,1,0,1,1,1,0,9,1,0,1,0,0,1,0,1,1,0,0,0,1,0,0,1,0,0,10,1,0,1,0,0,1,0,1,0,0,1,0,0,0,10,8,0,1,0,0,1,0,0,0,1,0,0,0,1,1,8,the_more_the_better,up_to_50,5,9,8,1,0,1,0,0,1,0,0,0,0,1,0,10,0,1,1,0,0,0,0,0,0,1,0,1,1,0,1,0,0,0
100,male,27,unemployed,no,0,0,0,1,0,0,7,0,0,0,1,1,0,0,0,1,0,0,0,0,0,0,1,0,0,10,0,0,0,0,0,0,0,0,0,0,0,0,0,0,8,10,0,0,0,1,0,0,0,0,1,1,0,0,1,0,10,the_more_the_better,bureaucratic_empire,10,10,10,0,1,0,0,0,0,0,1,1,1,0,0,10,1,1,1,0,0,0,0,0,0,0,0,1,0,0,1,0,0,1
101,male,42,employment,no,1,1,1,1,0,0,10,1,0,0,1,0,1,0,1,0,0,0,0,0,0,0,1,1,0,8,0,0,1,1,0,1,0,0,0,0,1,0,1,0,9,10,0,0,0,0,0,0,0,1,1,1,0,0,1,1,7,few,up_to_50,7,7,9,0,0,0,0,0,0,1,1,0,0,1,1,3,0,1,0,0,1,1,0,1,0,0,0,0,0,0,1,0,0,1
103,prefer_not_to_say,34,employment,no,1,0,0,1,0,0,3,0,1,0,0,0,0,0,0,0,0,0,0,0,0,0,0,1,0,7,0,0,1,0,0,0,1,1,1,0,0,1,0,0,8,5,0,0,0,0,0,0,0,1,0,1,1,1,0,1,8,few,up_to_10,4,6,8,0,0,0,0,0,0,0,0,1,1,1,1,8,0,1,1,1,1,0,0,1,0,0,0,0,0,0,0,1,0,0
104,male,30,employment,yes,0,0,1,1,0,0,7,0,1,0,0,1,0,1,1,0,1,0,0,1,0,0,1,0,0,8,0,1,0,0,1,1,1,0,0,0,0,1,0,0,10,6,1,0,0,0,1,0,0,0,0,1,0,1,0,1,8,few,up_to_25,3,7,10,0,1,1,0,0,0,0,0,0,1,0,1,8,0,1,1,0,1,0,0,0,0,0,0,0,0,0,1,0,0,0
105,male,23,employment,no,0,0,0,1,0,0,10,0,1,0,0,0,0,0,1,0,0,0,0,0,0,0,0,1,0,7,0,0,1,1,0,1,0,0,1,0,0,0,1,0,10,8,0,0,0,0,0,0,0,0,1,1,0,1,1,1,10,few,up_to_100,8,8,9,1,0,0,0,0,0,0,1,0,1,0,1,7,1,1,0,0,0,0,0,0,0,1,0,1,1,0,1,0,0,0
108,male,25,unemployed,no,0,0,0,1,0,0,8,1,0,0,0,1,0,1,0,1,0,0,0,1,0,0,1,0,0,7,0,1,0,1,0,0,0,1,0,0,0,0,0,1,5,7,0,0,0,1,0,1,0,0,0,1,0,0,0,0,8,few,up_to_50,7,8,5,0,1,0,0,0,0,1,0,1,1,0,0,5,0,0,0,0,1,0,1,1,0,0,0,0,0,0,0,1,0,0
109,male,24,student,no,0,0,0,1,0,0,8,1,0,0,0,1,0,0,0,0,0,0,0,0,0,0,0,1,0,8,1,0,0,0,0,0,0,1,0,0,1,1,1,0,10,9,0,0,1,1,0,0,0,0,0,1,1,0,0,0,9,,small_or_automanage,6,9,9,0,0,0,1,0,1,0,0,1,0,1,0,10,0,0,1,0,0,0,1,0,1,0,0,1,1,1,0,0,0,0
110,male,26,employment,no,0,0,0,1,0,0,10,1,0,0,1,1,0,0,0,0,0,0,0,0,0,0,1,1,0,3,0,2,0,0,1,0,1,1,0,0,0,0,0,0,6,8,0,0,0,0,0,0,0,0,1,0,0,0,0,1,2,,,8,8,1,0,1,0,0,0,0,1,0,0,0,0,0,9,0,0,1,0,1,0,0,0,0,0,0,1,0,0,1,0,0,0
111,male,25,employment,yes,0,1,0,1,0,0,5,1,0,0,0,0,0,0,1,1,1,0,0,1,0,0,1,0,0,6,0,0,1,0,0,1,0,0,0,0,0,1,1,1,2,8,0,1,0,0,0,0,0,0,1,1,0,1,1,0,4,few,up_to_25,5,5,8,0,0,1,0,0,0,0,0,1,1,0,1,7,0,0,0,1,1,1,0,1,0,0,0,0,0,0,0,0,0,0
113,male,30,employment,no,0,0,0,1,0,0,10,1,0,0,1,1,0,0,0,0,0,0,0,1,0,0,0,0,1,9,0,1,0,1,0,1,0,0,0,0,1,0,0,1,9,10,1,0,0,0,0,0,1,0,1,0,0,1,1,0,10,few,up_to_25,3,10,3,0,1,0,0,0,0,1,0,0,1,0,1,8,0,1,0,0,1,0,0,1,0,0,0,1,0,0,1,0,0,0
114,male,36,employment,no,1,1,1,1,1,1,9,0,1,1,0,0,1,0,1,1,0,0,0,1,0,0,1,1,0,8,1,0,0,0,0,1,0,0,1,0,1,0,0,0,10,8,0,1,0,0,1,0,0,0,1,0,0,0,0,1,4,few,up_to_50,7,7,7,1,0,0,0,0,1,0,1,0,0,1,0,4,0,1,1,1,1,0,0,0,0,1,0,0,0,0,0,1,0,0
115,male,34,employment,no,0,0,0,1,0,0,9,1,1,1,0,0,0,0,1,1,0,0,0,0,0,0,1,1,0,8,0,1,0,1,0,1,0,0,1,0,0,0,1,0,7,7,0,1,0,0,0,0,0,0,1,0,0,1,1,1,7,few,bureaucratic_empire,6,8,7,0,1,0,0,0,0,0,0,1,0,1,1,8,0,0,1,0,1,0,0,0,0,0,0,0,0,1,1,0,0,1
116,male,26,employment,no,0,0,0,1,0,0,8,1,1,0,1,0,1,0,0,0,0,0,0,1,0,1,0,0,0,8,0,0,0,1,0,1,0,0,1,1,1,0,0,0,6,7,0,0,0,0,1,0,0,1,0,0,0,0,1,0,3,few,up_to_10,6,8,3,1,1,1,0,0,0,0,0,1,0,0,0,10,0,0,0,0,0,0,0,1,0,0,0,0,0,0,0,0,0,0
117,male,27,employment,no,0,0,1,1,0,0,8,0,0,1,1,0,1,0,1,0,0,0,0,1,0,1,1,1,0,7,0,1,0,1,0,0,0,0,0,0,1,0,1,1,8,4,0,0,0,0,1,0,0,0,1,1,1,1,0,0,5,few,up_to_25,7,9,6,0,0,1,0,0,0,1,0,1,0,1,0,7,0,1,1,0,1,0,0,1,0,0,0,1,0,0,0,1,0,0
118,male,36,employment,no,0,0,0,1,0,0,7,0,0,0,0,0,1,0,1,1,0,0,0,0,0,1,0,1,0,7,1,0,0,1,1,0,0,0,1,0,0,0,1,0,7,8,1,0,0,0,0,1,1,0,1,0,0,0,0,0,10,few,up_to_50,7,8,3,0,0,1,0,0,0,0,0,1,0,1,0,9,0,0,0,1,0,0,0,1,1,0,0,0,0,0,0,0,0,0
119,female,40,employment,no,0,0,1,0,0,0,8,0,1,0,0,0,0,0,1,0,0,0,0,0,1,0,0,0,0,3,1,0,0,1,0,0,0,0,0,0,0,1,1,0,10,10,0,0,0,0,1,0,0,0,1,1,0,1,1,0,10,few,bureaucratic_empire,5,8,8,0,0,0,1,0,0,1,1,0,0,0,1,10,0,0,1,0,1,0,0,0,0,0,0,0,0,0,1,0,0,0
120,male,35,employment,yes,0,0,0,1,0,0,9,0,1,0,0,0,1,0,1,1,0,0,0,0,0,0,0,0,0,10,0,1,0,0,0,1,0,0,0,0,0,1,0,1,3,2,0,0,0,0,1,0,0,1,1,0,0,0,1,1,9,few,bureaucratic_empire,4,2,7,0,1,1,0,0,0,1,0,0,0,1,0,10,1,1,0,0,1,0,0,0,0,0,1,0,0,1,0,1,0,0
121,male,42,employment,no,0,1,0,1,0,0,8,1,0,1,0,0,1,0,0,1,1,0,0,1,0,0,1,0,0,3,1,0,1,0,0,1,0,0,0,0,1,0,1,0,9,10,0,0,0,0,1,0,0,1,0,1,1,1,0,0,5,few,up_to_25,3,8,8,0,0,1,0,0,1,0,0,1,1,0,0,8,0,1,0,1,1,0,0,1,0,0,1,0,1,0,0,0,0,0
122,male,44,employment,yes,0,0,0,1,0,0,9,1,1,0,1,1,0,0,0,1,0,0,0,0,0,1,0,1,0,9,0,0,0,1,0,1,0,0,2,0,0,1,0,0,10,2,0,0,0,0,0,0,0,0,0,1,0,0,0,0,8,few,up_to_25,8,10,4,0,1,1,0,0,0,0,0,1,0,0,1,8,0,0,1,0,1,0,0,1,0,0,0,0,0,0,0,0,0,0
123,non_binary_other,35,student,no,1,0,0,1,0,0,10,1,1,0,0,0,1,0,0,1,0,0,0,1,0,0,1,0,0,6,0,1,0,1,0,1,0,0,0,0,1,0,0,1,10,10,1,0,1,0,1,1,0,0,0,1,0,0,0,0,6,few,up_to_50,7,10,10,0,0,0,0,0,1,0,0,1,1,1,0,5,0,1,1,1,0,0,0,0,0,0,0,1,1,0,1,0,0,0
124,male,18,student,no,0,0,1,0,0,0,8,1,1,0,1,1,0,0,0,1,0,0,0,0,0,1,1,1,0,10,0,0,0,1,0,1,0,1,0,0,0,0,0,1,6,10,0,0,0,0,0,1,1,1,0,1,0,1,0,0,10,few,up_to_50,6,8,5,0,0,1,0,0,0,0,0,1,0,1,1,10,0,0,0,0,1,0,0,0,0,0,0,1,0,0,1,1,0,0
125,male,26,employment,no,0,0,1,0,0,0,7,0,0,0,0,0,0,1,0,0,0,0,0,0,0,0,1,0,0,7,1,0,0,0,0,1,0,0,1,0,1,0,1,0,9,10,1,1,1,1,0,0,1,0,0,0,0,0,0,0,10,few,up_to_25,8,5,10,1,0,0,0,0,1,0,0,0,1,1,0,8,1,1,0,1,0,0,0,0,1,0,0,1,0,0,0,1,0,0
126,male,28,employment,no,1,0,0,0,0,0,7,0,1,0,0,0,0,0,0,0,1,0,0,1,0,0,1,0,0,10,1,0,1,1,0,1,0,0,0,1,0,0,0,0,10,8,0,0,0,0,1,0,0,1,1,1,0,1,0,0,9,few,up_to_25,7,7,10,0,0,1,0,0,0,0,2,0,1,0,0,7,0,1,1,0,0,0,0,0,0,0,1,1,1,0,0,0,0,0
127,male,25,employment,no,0,0,0,1,0,0,4,1,0,0,0,0,0,0,0,0,0,0,0,0,0,0,1,0,0,6,1,0,1,1,0,1,1,0,0,0,0,0,0,0,7,5,0,1,0,0,1,0,0,0,1,0,0,0,0,1,7,the_more_the_better,up_to_25,6,6,5,0,1,0,0,0,0,1,1,0,0,1,0,6,0,0,0,1,0,0,0,0,1,0,0,0,0,1,1,0,1,0
128,male,42,employment,no,0,0,1,1,0,0,8,1,0,0,0,1,0,0,1,1,0,0,0,1,0,1,0,1,0,8,1,0,1,0,0,1,0,0,0,0,1,1,0,0,8,5,0,0,0,0,1,0,0,0,0,1,1,1,1,0,8,few,bureaucratic_empire,8,4,8,1,0,1,0,0,0,0,1,0,0,1,0,8,0,0,0,0,1,0,0,0,1,0,1,0,0,0,0,1,0,0
129,male,52,unemployed,no,0,0,1,1,0,1,9,1,1,0,0,0,0,0,1,0,0,0,0,0,0,1,1,1,0,8,1,0,0,0,0,2,0,0,0,0,1,0,1,0,10,8,0,0,0,0,1,0,0,0,1,1,1,1,0,0,8,the_more_the_better,up_to_25,4,7,3,0,1,1,0,0,0,0,0,0,0,1,1,8,0,0,1,1,0,0,0,0,0,0,0,1,0,0,1,0,0,0
130,prefer_not_to_say,20,sabbatical,yes,0,0,1,1,0,0,8,0,1,0,1,1,0,0,1,0,0,0,0,0,0,0,0,1,0,10,0,1,0,1,0,0,0,0,1,0,1,0,0,0,3,6,0,0,0,1,0,0,1,1,0,1,0,1,0,0,10,few,up_to_10,8,9,7,0,0,0,0,0,0,1,1,0,1,0,1,9,0,0,1,0,0,1,0,0,1,0,0,0,0,0,1,0,0,0
131,male,20,student,no,1,0,1,1,0,0,7,0,0,1,1,0,1,0,0,1,0,0,0,0,0,1,1,0,0,9,0,1,0,1,0,1,0,0,1,0,0,0,1,0,8,10,0,0,0,1,0,0,1,0,1,1,0,1,0,0,10,the_more_the_better,bureaucratic_empire,7,10,8,1,0,1,0,0,1,0,0,0,0,1,0,5,0,0,0,1,1,1,0,1,0,0,0,0,0,0,1,1,0,0
132,male,29,employment,no,0,0,1,1,0,0,9,1,1,1,0,0,0,0,1,1,1,0,0,1,0,1,1,1,0,7,1,0,0,0,0,0,0,0,1,0,0,1,1,1,8,9,0,0,0,0,0,0,0,1,0,1,1,1,1,0,8,few,up_to_50,8,7,7,0,0,1,0,0,0,0,0,0,1,1,1,7,1,1,0,1,0,0,0,1,1,0,0,0,0,0,1,0,0,0
133,male,25,employment,no,0,0,0,1,0,0,10,1,1,0,1,1,0,0,0,1,0,0,0,0,0,0,0,0,0,5,1,0,0,1,0,0,0,0,0,0,0,1,0,1,5,6,0,1,0,0,1,0,0,0,1,0,0,1,0,0,7,few,up_to_50,7,6,6,0,1,1,0,0,0,0,0,0,0,1,1,5,0,1,1,0,0,0,0,0,0,0,1,0,0,0,0,0,0,0
134,male,24,employment,no,1,0,0,1,0,0,8,0,0,1,1,0,1,0,0,1,0,0,0,1,0,0,0,1,0,7,0,1,0,0,0,1,0,0,0,0,0,1,1,1,10,10,0,1,0,0,0,0,0,0,1,1,0,1,0,1,3,few,up_to_25,7,8,7,1,0,0,0,0,1,1,1,0,0,0,0,9,0,1,0,0,1,1,0,0,1,0,1,0,0,0,0,1,0,0
135,female,23,employment,no,0,0,1,1,0,0,10,1,0,0,1,0,0,0,0,0,1,0,0,1,0,1,1,0,0,7,0,0,0,1,0,1,1,0,1,0,0,0,1,0,7,10,0,0,1,1,0,0,0,0,0,1,0,0,0,0,1,the_more_the_better,bureaucratic_empire,10,10,10,0,0,0,0,1,1,1,0,1,0,0,0,10,0,0,0,1,0,0,0,1,0,0,1,0,0,0,0,1,0,0
136,male,34,employment,no,0,0,0,1,0,0,5,0,1,1,1,1,0,0,0,0,0,0,0,0,0,0,1,0,0,8,0,0,1,1,0,0,1,0,1,0,0,0,0,1,2,3,1,0,0,0,1,1,0,0,1,0,0,1,0,0,10,the_more_the_better,bureaucratic_empire,10,10,10,0,1,1,0,0,0,0,0,1,1,0,0,10,0,0,1,0,1,1,0,1,0,0,0,0,0,0,0,1,0,0
137,male,20,employment,yes,0,0,0,1,0,0,10,0,1,1,1,1,0,0,0,0,0,0,0,1,0,0,1,0,0,3,0,1,0,1,0,1,0,0,0,0,1,0,0,0,7,10,0,0,0,0,0,0,0,0,0,1,1,1,0,0,8,single,up_to_25,5,10,10,0,0,0,1,0,0,1,0,0,0,0,0,6,0,0,0,0,0,0,0,0,1,0,0,0,0,0,0,0,0,0
139,male,37,sabbatical,no,0,0,0,1,0,0,10,1,1,0,0,0,1,0,1,0,0,0,0,0,0,1,0,1,0,2,0,0,1,1,0,1,0,0,0,0,1,0,0,1,3,10,0,1,0,0,0,1,0,0,1,1,0,1,0,0,10,few,up_to_25,8,7,7,0,1,0,0,0,0,0,1,1,0,1,0,8,0,0,0,0,0,0,1,0,1,0,0,1,0,1,0,1,0,0
140,male,,student,no,0,0,1,1,0,0,5,1,1,0,0,0,0,1,1,0,0,0,0,1,0,1,0,0,0,4,1,0,0,1,0,1,0,0,0,0,1,1,0,0,8,7,1,1,0,1,0,0,0,1,0,0,1,0,0,0,5,few,up_to_25,5,5,5,1,0,0,0,0,1,1,0,0,1,0,0,5,0,1,0,0,1,0,0,0,0,0,1,0,1,0,0,0,0,0
141,male,26,employment,no,0,0,0,1,0,0,9,0,1,0,1,1,1,0,0,0,0,0,0,1,0,1,1,0,0,8,0,1,0,1,0,0,0,1,0,0,1,0,0,1,8,4,1,0,0,0,0,1,0,1,0,1,0,0,1,0,10,,up_to_25,9,7,4,0,0,1,0,0,1,1,0,1,0,0,0,7,0,0,0,0,1,0,0,1,1,0,0,1,0,0,0,0,0,0
142,prefer_not_to_say,,employment,no,0,0,0,1,0,0,10,1,1,0,1,0,0,0,0,1,0,0,0,0,0,1,1,1,0,8,0,1,0,1,0,1,0,0,1,0,1,0,0,0,2,1,0,0,0,0,0,0,0,1,0,1,0,1,1,1,10,the_more_the_better,bureaucratic_empire,10,10,1,0,0,0,1,0,0,1,0,0,0,0,0,10,0,1,0,0,1,0,0,0,0,0,0,1,0,0,0,0,0,0
143,male,50,employment,no,0,0,0,1,0,0,5,1,1,0,0,1,0,0,1,0,0,0,0,0,0,0,0,1,0,10,0,1,0,0,1,1,0,0,0,0,1,0,0,0,9,9,0,0,0,1,0,0,0,1,1,1,0,0,0,0,2,few,up_to_50,7,9,8,1,0,1,1,0,0,0,1,0,0,0,0,8,0,0,0,0,0,0,0,0,0,0,1,1,1,0,1,0,0,0
147,male,24,student,yes,0,0,0,1,0,0,10,1,0,0,1,1,1,0,0,0,0,0,0,1,0,0,0,1,0,6,0,1,0,1,0,0,0,0,1,0,1,0,0,1,8,3,0,0,1,1,0,0,0,1,0,1,0,0,1,0,6,,bureaucratic_empire,10,10,10,0,1,0,1,0,0,1,1,0,0,0,0,10,0,0,1,1,1,1,0,1,0,0,0,0,1,0,0,0,0,0
148,male,26,unemployed,no,0,0,0,1,0,0,8,0,1,1,1,0,0,0,1,0,0,0,0,0,0,0,0,1,0,6,0,1,0,0,0,1,0,0,0,0,1,1,0,1,8,1,1,0,1,1,0,1,1,0,0,0,0,0,0,0,6,few,small_or_automanage,8,8,1,0,1,0,0,0,0,0,1,0,1,0,1,4,0,1,0,0,1,0,0,0,0,0,1,1,0,0,0,0,0,0
149,male,29,employment,yes,0,0,0,1,0,0,8,1,0,0,1,0,0,0,0,0,0,0,0,0,0,1,1,1,0,7,1,1,0,0,0,1,0,0,0,0,1,0,1,0,9,9,0,0,0,0,1,0,0,0,1,0,0,1,1,0,6,few,bureaucratic_empire,7,10,7,0,0,1,0,0,0,1,1,0,0,1,0,9,0,0,1,0,1,0,0,1,0,0,0,1,0,0,0,0,0,0
151,male,34,employment,no,0,0,0,1,0,1,10,1,1,1,1,0,0,0,0,1,0,0,0,0,0,1,1,1,0,8,0,1,0,1,0,1,0,0,1,0,1,0,0,0,8,9,0,0,0,0,0,0,0,1,1,0,0,1,1,1,10,the_more_the_better,bureaucratic_empire,8,8,8,0,0,1,0,0,0,0,0,1,1,1,0,9,0,0,0,0,1,0,0,1,1,0,0,0,1,0,1,1,0,0
153,female,25,student,no,1,0,1,1,0,0,9,1,1,0,0,0,1,0,1,0,0,0,0,1,0,0,1,0,0,10,1,0,0,1,0,1,1,0,0,0,1,0,0,0,9,10,0,1,0,0,0,1,0,0,1,1,0,1,0,0,7,few,up_to_10,8,9,4,1,0,0,1,0,0,0,1,0,1,0,0,10,1,0,0,0,1,0,0,1,0,0,0,1,1,0,0,1,0,0
154,male,31,unemployed,no,0,0,0,1,0,0,10,1,1,0,1,0,0,0,1,1,0,0,0,0,0,0,0,0,0,9,0,1,0,1,0,0,0,0,1,0,0,1,1,0,10,10,0,0,0,0,0,0,0,1,0,1,1,1,1,0,5,the_more_the_better,bureaucratic_empire,7,6,8,1,1,0,0,0,0,0,0,1,0,1,0,8,0,1,0,0,0,0,0,0,0,0,0,1,0,0,0,0,1,0
155,male,20,student,no,0,0,1,1,0,0,9,0,1,1,0,0,1,0,1,0,0,0,0,1,0,0,1,0,0,10,0,0,0,0,1,0,0,0,0,0,1,0,1,0,9,10,0,0,0,0,0,0,0,1,1,1,0,1,1,0,10,the_more_the_better,up_to_100,10,10,7,1,0,1,0,0,0,1,0,0,0,1,0,10,0,1,0,0,1,1,0,0,0,0,1,0,0,0,1,1,0,0
157,male,24,employment,no,0,0,0,1,0,0,9,0,1,1,1,1,0,0,0,0,0,0,0,1,0,0,1,1,0,2,1,0,0,1,0,0,0,0,0,1,1,0,1,0,10,10,1,0,0,0,1,0,1,0,1,0,0,0,1,0,5,the_more_the_better,bureaucratic_empire,4,8,7,0,1,1,0,0,0,0,0,0,0,1,1,10,1,1,0,0,1,1,0,0,0,0,0,0,0,0,1,0,0,1
158,male,42,employment,no,0,0,0,1,0,0,6,1,0,0,1,0,0,0,0,0,0,0,0,1,0,0,0,0,0,4,0,0,0,1,0,1,0,0,0,0,1,0,1,0,8,10,0,1,0,0,0,0,0,0,0,1,0,1,1,1,9,few,up_to_25,4,7,2,0,0,0,0,0,0,0,0,1,0,1,0,7,0,0,0,0,0,0,0,0,0,0,0,0,0,0,1,0,0,1
159,male,15,student,no,0,0,0,1,0,0,8,1,1,0,0,0,1,0,1,0,0,0,0,1,0,1,1,0,0,10,0,1,0,1,0,1,1,0,1,0,0,0,0,0,7,10,0,0,0,0,0,1,0,0,1,1,0,1,1,0,10,the_more_the_better,bureaucratic_empire,8,10,10,0,0,1,0,0,1,1,0,0,0,1,0,10,0,0,1,0,1,0,0,1,1,0,0,0,1,0,0,1,0,0
160,male,17,student,no,0,0,1,1,0,0,6,0,1,0,0,0,0,0,0,0,1,0,0,1,0,0,1,0,0,8,0,1,0,1,0,0,0,0,0,0,1,0,1,0,8,10,0,0,0,0,1,0,0,0,0,1,0,1,0,0,9,few,bureaucratic_empire,10,9,10,1,0,0,1,0,0,1,0,0,0,1,0,7,0,1,0,0,0,0,0,0,0,1,0,0,1,0,1,0,0,1
161,male,41,employment,no,1,1,1,1,0,0,8,0,0,0,0,0,0,0,0,1,1,0,0,1,0,1,1,1,0,10,1,0,1,1,0,0,1,0,1,0,0,0,0,0,8,8,1,0,0,1,1,1,1,0,0,0,0,0,0,0,10,the_more_the_better,bureaucratic_empire,6,6,8,0,0,1,0,0,0,0,0,1,0,1,1,8,0,0,1,1,0,1,0,1,1,0,0,0,0,0,1,0,0,0
162,male,35,employment,no,0,0,0,1,0,0,10,0,1,0,0,0,1,0,1,0,0,0,0,0,0,0,0,1,0,6,0,0,0,0,0,0,0,0,0,0,0,0,0,0,1,7,0,0,0,0,0,0,0,1,1,1,0,1,1,0,3,the_more_the_better,,1,1,1,0,0,0,0,0,0,0,0,0,0,0,0,5,0,1,0,0,0,0,0,0,0,1,0,0,0,0,0,0,0,0
163,male,47,employment,no,1,0,0,1,0,0,8,0,1,1,0,0,0,0,1,1,0,0,0,0,1,0,1,0,0,5,1,0,0,0,0,1,1,0,0,0,0,1,1,0,8,5,0,1,0,0,0,0,0,0,1,1,0,1,0,1,8,few,bureaucratic_empire,5,7,7,1,0,0,0,0,0,1,1,0,0,0,1,9,1,0,0,0,0,0,0,0,0,0,1,1,0,1,1,1,0,0
164,male,25,unemployed,no,0,0,1,1,0,0,9,1,1,0,0,0,1,0,1,0,0,0,0,1,0,0,1,0,0,7,1,0,0,1,0,1,0,0,0,0,0,0,1,1,10,8,0,1,1,1,0,1,0,0,1,0,0,0,0,0,10,few,bureaucratic_empire,8,7,9,1,1,0,0,0,1,0,0,0,0,0,1,7,0,1,1,1,0,0,0,0,0,0,0,1,0,0,1,0,0,1
165,female,,employment,no,1,1,0,0,1,0,4,0,1,1,0,0,0,0,0,0,1,0,0,1,0,0,1,0,0,8,1,0,0,0,0,1,0,0,0,0,0,1,1,0,7,10,0,0,0,0,0,0,0,0,1,1,1,1,1,0,8,few,up_to_25,7,8,8,0,0,0,1,0,0,1,1,1,0,0,0,9,0,0,0,1,0,0,0,1,0,0,0,0,0,0,1,0,0,0
166,male,42,employment,no,1,0,0,0,0,0,5,0,1,0,0,0,0,0,1,0,0,0,0,0,0,0,1,1,0,7,1,0,0,1,0,1,0,0,0,0,1,0,1,0,5,2,0,0,0,1,0,0,0,0,1,1,0,0,1,1,10,few,up_to_50,10,10,10,1,0,0,0,0,1,0,0,0,0,1,0,10,0,0,0,0,0,0,0,0,1,0,1,0,0,0,0,0,1,0
167,male,35,employment,no,0,0,0,1,0,0,8,0,1,1,0,0,1,0,1,0,0,0,0,1,0,1,0,0,0,7,1,0,1,0,0,1,1,0,0,0,0,1,0,0,8,6,1,0,0,0,0,1,0,0,0,1,0,0,1,1,4,few,up_to_100,7,3,8,0,1,1,0,0,0,0,0,0,0,0,1,9,0,0,0,0,1,0,0,0,0,0,0,0,0,0,0,0,0,1
168,male,26,employment,no,0,0,0,1,0,0,9,1,0,0,1,1,1,0,0,0,0,0,0,1,0,0,0,1,0,6,0,0,0,1,0,1,1,0,0,0,1,1,0,0,5,6,1,0,0,0,0,1,1,0,0,0,0,1,0,0,10,the_more_the_better,up_to_100,10,9,10,0,1,1,0,0,0,0,0,1,0,1,0,10,0,0,1,1,0,1,0,1,0,0,0,0,0,1,1,0,0,0
169,male,42,sabbatical,no,0,1,0,1,0,0,7,1,0,1,0,0,0,0,0,0,0,0,0,0,0,0,1,0,0,5,0,1,0,0,0,1,0,0,0,0,1,1,1,0,10,5,1,0,0,1,0,1,1,0,0,1,0,0,0,0,7,single,up_to_10,7,9,4,0,1,1,0,0,0,0,0,0,0,1,1,9,0,0,1,0,1,0,0,0,0,0,0,1,1,0,0,1,0,1
170,male,32,employment,no,0,0,0,1,0,0,10,1,0,1,0,1,0,0,0,0,0,0,0,1,0,1,1,0,0,8,0,1,0,1,0,0,0,0,1,1,0,0,1,0,10,10,0,0,0,1,0,1,0,1,1,1,0,0,0,0,8,few,small_or_automanage,7,8,3,1,1,1,0,0,0,0,0,0,1,0,0,7,1,0,0,1,1,0,0,1,0,0,1,0,0,0,0,0,0,1
171,male,35,employment,yes,0,1,1,1,0,0,7,0,1,0,0,1,0,0,1,0,1,0,0,1,0,1,0,0,0,8,0,0,0,0,0,1,1,0,1,0,0,1,1,0,9,7,0,0,0,0,0,0,0,0,1,1,1,1,0,1,4,few,up_to_10,5,7,7,0,1,1,0,0,0,0,0,0,1,0,1,6,0,0,1,0,1,1,0,1,0,0,0,1,0,0,0,0,0,0
172,male,,employment,no,0,0,0,1,0,0,3,0,0,1,0,0,0,0,0,1,0,0,0,0,0,1,1,0,0,10,1,0,0,0,0,0,0,1,0,1,0,0,1,1,10,10,1,0,0,0,0,1,0,0,1,0,1,1,0,0,10,few,up_to_25,4,10,4,0,1,1,0,0,0,0,0,1,0,0,1,9,0,0,0,1,0,0,0,1,1,0,0,0,1,1,1,0,0,0
173,non_binary_other,32,employment,no,0,0,0,1,0,0,5,0,0,1,0,0,0,0,0,0,0,0,0,1,0,0,0,0,0,4,0,0,0,0,0,0,0,1,0,0,0,0,0,0,8,1,0,0,0,0,0,0,0,0,1,0,0,0,0,0,5,few,up_to_100,3,5,6,0,0,1,0,0,0,0,0,0,0,0,0,4,0,0,0,0,0,0,0,0,0,0,0,0,0,0,0,1,0,0
174,male,18,student,no,1,0,0,0,0,1,9,1,0,0,0,0,0,0,0,0,0,0,0,0,0,0,1,0,0,3,0,0,1,1,1,1,1,0,0,0,0,0,0,0,9,10,0,0,0,0,0,0,0,1,0,1,1,1,1,0,10,,bureaucratic_empire,3,3,5,0,1,0,0,0,0,0,1,1,0,0,1,9,0,0,1,1,0,1,0,1,1,0,0,0,0,0,1,0,0,0
175,male,27,employment,no,1,0,0,1,0,0,9,1,1,0,0,0,1,0,1,1,0,0,0,0,0,0,1,1,0,8,0,0,1,0,0,1,1,0,0,0,1,0,1,0,9,10,1,0,0,0,1,0,1,0,1,0,0,0,1,0,6,few,up_to_50,7,7,9,0,1,0,0,0,0,1,1,0,0,0,1,9,0,0,0,1,1,0,0,0,0,0,0,1,1,0,1,0,0,1
176,male,39,employment,no,0,0,0,1,0,0,8,1,1,0,1,1,0,0,0,0,0,0,0,0,0,0,0,1,0,8,0,1,0,0,0,1,0,0,0,0,1,0,1,0,10,10,1,0,1,1,0,0,0,0,0,1,0,1,0,0,8,few,up_to_10,3,10,8,0,1,1,0,0,1,0,0,0,1,0,0,10,0,1,1,1,1,0,0,0,0,0,0,1,0,0,0,1,0,0
177,male,40,employment,yes,0,0,0,1,0,0,9,1,0,0,0,0,1,0,0,1,0,0,0,0,0,0,1,0,0,8,0,0,0,0,0,1,1,0,1,1,0,0,0,1,8,8,0,0,0,0,1,0,0,0,0,0,0,1,1,1,9,the_more_the_better,up_to_10,8,6,8,1,0,1,0,0,1,0,0,0,0,1,0,8,0,0,0,0,0,0,0,0,0,0,0,0,0,0,1,0,0,0
178,male,25,employment,no,0,1,0,1,0,1,9,1,0,0,1,1,1,0,0,0,0,0,0,0,0,0,0,1,0,8,0,1,0,0,1,1,0,0,0,0,1,1,0,0,7,5,1,0,0,0,0,0,0,1,0,1,1,1,0,0,5,few,bureaucratic_empire,4,8,10,0,0,0,0,1,1,0,0,0,1,1,0,5,0,1,0,1,1,0,0,0,0,0,0,0,1,0,1,0,0,0
179,male,33,employment,no,1,1,1,1,0,0,7,0,1,0,0,1,0,0,1,0,0,0,0,0,0,0,1,1,0,4,0,1,1,0,0,1,1,0,0,0,0,0,1,0,9,10,1,0,0,0,0,1,1,1,0,0,0,0,1,0,8,few,up_to_50,5,7,6,0,0,1,0,0,0,0,1,0,1,0,1,8,0,0,0,1,1,1,0,1,0,0,0,0,0,0,1,0,0,1
180,female,27,employment,yes,0,1,0,1,0,0,9,0,0,1,0,1,0,1,0,0,0,0,0,1,0,0,1,0,0,7,1,0,1,0,0,1,0,0,0,1,0,0,0,1,3,8,0,0,0,0,0,1,0,0,1,1,0,1,0,0,7,few,small_or_automanage,8,9,3,0,1,0,1,0,0,0,1,0,0,1,0,5,0,0,0,0,1,0,0,1,0,0,1,1,0,0,0,1,0,0
181,male,31,employment,no,0,0,0,1,0,0,10,1,0,1,1,1,0,0,0,1,0,0,0,1,1,0,1,0,0,7,0,0,0,1,0,0,0,0,0,0,1,1,1,1,10,7,0,1,0,1,0,1,0,0,0,1,1,0,0,0,10,few,bureaucratic_empire,10,8,8,0,0,0,0,0,1,0,1,0,1,1,0,7,0,0,0,0,1,0,0,0,0,0,1,1,1,0,1,1,0,0
182,male,25,employment,no,0,0,0,1,0,0,9,1,0,1,1,0,0,0,1,1,0,0,0,0,0,0,1,1,0,8,0,1,0,0,0,1,0,0,1,0,1,0,0,1,9,9,0,0,0,0,0,0,0,0,1,1,1,1,0,1,10,few,up_to_50,8,9,9,0,0,0,1,0,0,1,1,1,0,0,0,8,0,0,0,1,1,0,0,1,1,0,1,1,0,0,0,0,0,0
183,male,42,employment,no,0,0,0,1,0,0,9,1,1,0,1,0,0,0,1,1,0,0,0,0,0,0,1,1,0,8,1,0,0,0,0,1,0,0,0,0,1,1,0,1,8,9,0,0,0,0,0,0,1,0,1,1,1,0,1,0,7,few,bureaucratic_empire,4,8,5,0,1,0,0,0,0,1,0,1,1,0,0,9,0,0,1,0,1,0,0,1,0,0,0,0,0,0,1,0,0,0
184,male,18,student,no,0,0,1,1,0,0,8,0,1,0,1,1,0,0,1,0,1,0,0,1,0,0,1,1,0,6,0,1,0,1,1,1,0,0,0,0,1,0,0,0,7,6,0,1,0,0,0,0,0,1,1,0,0,1,1,0,10,few,bureaucratic_empire,6,8,1,0,1,0,1,0,0,1,0,1,0,0,0,3,0,0,0,0,0,1,1,1,1,0,0,0,0,0,1,0,1,0
185,male,24,employment,no,0,0,0,1,0,0,10,0,1,0,0,0,2,0,1,0,0,0,0,1,0,1,1,1,0,8,0,0,0,0,0,0,0,0,1,0,0,0,0,0,5,10,0,0,0,0,0,0,0,0,1,1,0,1,1,1,8,the_more_the_better,bureaucratic_empire,10,10,10,0,0,1,1,0,0,1,1,0,0,0,0,10,0,0,1,0,0,1,0,1,0,0,0,0,0,0,1,0,0,0
186,male,,student,no,1,0,0,1,0,0,7,1,1,0,1,0,0,0,1,0,0,0,0,0,0,0,1,0,0,5,0,1,0,1,1,1,0,0,0,0,0,1,0,0,5,7,0,0,0,0,1,0,0,0,1,1,1,1,0,0,7,the_more_the_better,bureaucratic_empire,8,8,8,0,0,0,0,1,1,1,0,0,0,0,1,7,0,1,1,0,0,0,0,0,0,0,0,0,0,0,1,0,0,0
187,male,31,employment,no,1,1,0,1,0,1,9,1,1,0,1,1,0,0,0,0,0,0,0,0,0,0,1,1,0,9,0,1,0,0,0,1,0,1,1,0,0,1,0,0,6,5,0,0,0,1,0,1,0,1,0,1,0,0,0,0,10,few,up_to_50,6,8,4,0,1,1,0,0,0,0,0,0,0,1,1,10,0,1,1,0,0,0,0,0,0,0,0,1,1,1,0,0,0,0
188,male,34,unemployed,yes,0,0,1,1,0,0,7,1,0,0,0,1,1,0,0,1,0,0,0,1,0,0,0,0,0,9,1,1,1,0,1,1,0,0,0,0,0,0,0,0,9,7,0,0,0,0,1,0,0,0,0,0,1,1,0,0,7,few,up_to_25,6,8,8,1,0,0,0,0,0,0,1,0,0,0,0,8,0,0,1,1,0,0,0,0,0,0,0,0,0,0,1,0,0,0
190,male,37,unemployed,no,0,0,0,1,0,0,9,1,1,0,0,1,0,0,1,1,0,0,0,0,0,1,0,1,0,9,0,1,0,1,1,0,0,0,0,1,0,0,0,1,5,10,0,0,0,0,1,0,0,1,1,1,0,1,0,0,5,the_more_the_better,bureaucratic_empire,5,5,1,0,0,0,1,0,0,1,0,0,0,0,0,7,0,0,1,0,0,0,0,0,1,0,0,1,0,0,0,0,0,0
191,male,39,employment,no,0,0,1,1,0,0,8,0,0,1,1,0,0,0,1,0,0,0,0,0,0,0,1,0,1,9,0,1,0,0,0,0,0,0,1,0,1,0,0,0,10,6,0,0,0,0,0,0,0,1,0,1,1,1,1,0,8,the_more_the_better,bureaucratic_empire,8,9,8,0,1,1,0,0,0,0,0,1,0,0,1,9,0,0,1,0,1,0,0,1,1,0,0,0,0,0,0,0,0,1
192,male,18,student,no,0,0,0,1,0,0,7,1,0,0,1,0,0,0,1,0,0,0,0,0,0,1,1,0,0,10,0,0,0,1,1,0,1,0,0,0,1,0,0,0,7,10,0,0,0,0,1,1,0,0,1,1,0,1,0,0,6,,bureaucratic_empire,5,6,10,0,1,0,1,0,1,1,0,0,0,0,0,10,0,0,1,1,1,0,0,1,0,0,0,0,0,0,1,1,0,0
193,male,40,employment,yes,0,0,1,1,0,0,9,0,0,0,0,0,0,0,0,0,0,0,0,1,0,0,1,1,0,9,0,0,0,1,0,1,0,0,1,1,0,0,0,0,5,9,1,1,0,0,0,0,1,0,1,0,0,0,1,0,10,the_more_the_better,up_to_100,10,10,8,0,1,0,0,0,0,0,0,1,1,1,0,9,0,0,1,0,1,1,0,1,1,0,0,0,0,0,1,0,0,0
194,male,31,employment,no,0,0,0,1,0,0,8,1,1,1,0,1,0,0,0,0,0,0,0,0,0,1,1,1,0,6,0,1,1,0,0,1,0,0,0,0,1,1,0,0,10,8,0,0,0,0,0,1,1,0,0,1,1,1,0,0,10,few,up_to_10,3,9,10,0,1,1,0,0,0,0,0,1,0,1,0,10,0,1,1,0,1,0,0,1,0,1,0,0,0,0,0,1,0,0
195,prefer_not_to_say,,student,no,0,0,0,1,0,0,5,0,0,0,1,0,0,0,0,1,0,0,0,0,0,0,0,0,0,2,0,0,0,0,0,0,0,0,0,0,0,0,0,0,10,10,0,0,0,1,0,0,0,0,1,1,0,1,1,0,10,,up_to_25,10,10,10,0,0,0,0,0,0,0,1,1,1,1,0,10,0,0,0,0,0,0,0,1,1,0,1,0,0,0,1,1,0,1
196,male,21,employment,yes,0,0,1,1,0,0,8,0,1,0,0,0,1,0,1,1,0,0,0,1,0,1,1,0,0,7,0,1,0,1,0,1,0,0,0,0,1,0,0,1,3,9,0,0,0,0,0,0,0,0,1,1,1,1,1,0,7,the_more_the_better,bureaucratic_empire,8,9,6,1,1,0,1,0,0,0,1,0,0,0,0,10,0,0,0,1,0,1,0,0,1,0,0,1,0,0,1,1,0,0
197,male,35,unemployed,yes,0,0,0,1,0,0,7,1,1,0,1,0,0,0,1,0,0,0,0,0,0,0,1,0,0,8,0,1,0,1,0,1,0,1,0,0,0,0,0,1,4,5,0,0,0,0,1,0,0,1,0,0,0,1,0,0,7,few,up_to_10,7,8,4,0,1,1,0,0,0,0,0,1,0,0,1,8,0,0,1,1,1,0,0,1,0,0,0,1,0,0,0,0,0,0
198,male,25,employment,no,0,0,0,1,0,0,10,0,1,0,0,0,0,0,1,0,0,0,0,0,0,0,1,0,0,10,0,0,0,1,0,1,0,1,1,0,0,1,0,0,9,10,0,0,0,0,1,0,0,0,1,1,0,1,1,0,9,few,bureaucratic_empire,10,10,10,1,0,1,0,0,1,1,0,0,0,0,0,10,0,0,0,0,0,1,0,0,0,0,0,1,0,1,1,1,0,0
199,male,33,employment,no,0,0,0,1,0,0,10,1,0,0,1,1,1,0,0,1,0,0,0,1,0,0,1,0,0,7,0,0,0,1,0,1,0,0,1,0,1,0,1,0,10,10,0,1,0,0,0,0,0,1,1,1,0,1,0,0,7,the_more_the_better,bureaucratic_empire,3,8,5,0,0,1,0,0,1,0,0,1,0,1,0,10,0,0,1,0,0,0,0,0,0,0,1,1,1,0,0,0,0,0
200,male,22,student,no,0,0,0,1,0,0,7,0,0,0,1,0,1,0,0,1,0,0,0,0,0,0,1,0,0,7,1,0,0,0,1,1,0,0,0,0,0,1,1,0,10,10,1,0,0,0,0,0,0,0,1,1,0,1,1,0,8,few,up_to_50,7,10,10,0,1,1,0,0,0,0,0,1,0,1,0,10,0,0,1,0,1,0,0,1,1,0,1,0,0,0,1,0,0,0
201,male,,student,no,0,0,1,1,0,0,7,0,0,0,0,0,1,0,0,1,0,0,0,0,0,0,1,1,0,9,0,0,0,1,0,1,1,0,0,1,0,0,1,0,5,8,0,0,0,0,0,0,0,0,1,1,1,1,1,0,10,few,up_to_10,2,8,2,0,1,0,0,0,0,0,1,0,1,0,1,8,0,0,0,0,1,1,0,1,1,0,0,0,0,0,1,0,0,0
202,male,19,student,no,0,0,1,1,0,0,9,0,1,0,0,0,0,0,1,1,0,0,0,1,0,0,1,0,0,5,1,0,0,0,0,1,0,0,0,0,0,1,1,1,8,9,1,0,0,0,0,1,0,0,0,1,0,1,0,1,6,few,up_to_50,7,10,6,0,0,0,1,0,1,0,0,1,0,1,0,7,0,0,1,0,0,0,0,1,1,0,0,0,0,1,0,1,0,1
203,male,35,employment,no,0,0,0,1,0,0,7,0,0,0,0,0,1,0,0,0,1,0,0,1,0,1,0,0,0,10,0,0,0,0,0,1,1,0,0,0,1,0,1,1,10,10,1,1,0,0,0,1,0,1,0,0,0,0,0,0,8,few,up_to_25,7,9,8,1,0,1,1,0,0,0,0,0,0,1,0,10,1,1,0,0,1,0,0,1,0,0,0,0,1,0,0,0,0,0
204,male,29,employment,no,1,0,1,1,0,0,8,1,0,1,0,0,1,0,1,1,0,0,0,0,0,1,1,1,0,8,1,0,0,1,0,1,0,0,0,0,0,0,1,0,7,9,0,0,0,0,1,0,0,0,1,1,0,1,1,0,7,few,up_to_100,8,7,5,0,0,0,0,0,0,1,0,1,1,0,1,8,0,0,0,0,1,0,0,0,0,0,0,1,0,0,0,0,0,0
205,male,,student,no,0,0,1,1,0,0,4,0,1,0,0,0,0,0,0,0,0,0,0,1,0,0,1,0,0,8,0,0,0,0,1,1,1,0,0,0,0,1,1,0,7,10,0,0,0,0,0,0,0,0,1,1,1,1,1,0,7,few,up_to_10,7,9,8,0,0,1,0,0,0,0,1,0,1,1,0,8,0,0,1,1,0,0,0,0,1,0,0,1,0,0,1,0,0,1
206,prefer_not_to_say,30,employment,no,0,0,0,1,0,0,7,0,0,0,1,0,0,0,0,0,0,0,0,0,0,1,0,1,0,10,1,0,0,1,1,0,0,0,1,0,0,1,0,0,10,10,0,0,0,0,0,0,0,1,1,1,0,0,1,1,10,the_more_the_better,up_to_50,6,6,6,0,0,0,0,0,1,0,1,1,0,1,0,6,0,1,1,0,1,0,0,0,1,0,0,1,1,0,0,0,0,0
207,male,28,unemployed,no,0,0,1,1,0,0,7,0,1,0,0,0,0,0,1,1,0,0,0,1,0,0,1,0,0,7,0,1,0,1,1,1,0,0,0,0,0,0,0,1,10,8,0,0,0,0,0,0,0,0,1,1,1,1,1,0,8,few,up_to_25,8,8,8,0,0,0,0,0,0,1,0,0,0,1,0,9,0,0,0,0,0,0,0,0,1,0,0,0,0,0,0,0,0,0
208,male,27,student,yes,1,0,1,1,0,0,8,0,1,1,0,0,1,0,1,1,0,0,0,1,0,0,1,1,0,7,1,1,1,0,0,1,0,0,0,0,0,0,1,0,5,7,0,0,0,0,0,0,0,0,1,1,1,1,1,0,8,few,bureaucratic_empire,8,7,4,0,0,0,0,0,0,1,0,1,1,1,0,7,1,1,1,0,1,0,0,0,0,0,0,1,0,0,0,1,0,0
209,male,18,student,no,0,0,0,1,0,0,10,1,0,0,1,1,0,0,0,0,0,0,0,0,0,0,1,0,0,8,0,1,0,0,0,1,0,1,0,0,1,0,1,0,10,1,1,0,0,0,0,1,1,0,0,1,0,1,0,0,7,few,up_to_10,1,10,1,0,0,1,0,1,0,0,0,0,0,1,1,6,0,0,1,0,1,0,0,0,0,0,1,0,0,0,0,1,0,0
210,male,42,employment,no,1,0,1,1,0,0,8,0,1,1,0,1,0,0,1,1,0,0,0,1,0,1,1,1,0,8,0,1,1,0,0,1,0,0,0,0,1,0,1,0,8,8,0,0,0,0,1,0,0,0,1,1,1,1,0,0,8,few,up_to_100,8,9,9,0,1,1,0,0,0,0,0,1,0,1,0,8,0,0,1,1,0,0,0,0,1,0,0,1,0,0,0,1,0,1
211,male,,student,no,1,0,1,1,0,0,9,0,1,1,1,0,0,0,1,1,0,0,0,1,0,0,1,0,0,8,1,0,0,1,0,0,1,0,0,0,0,1,1,0,8,8,0,0,0,0,0,0,0,1,1,1,1,1,0,0,7,few,up_to_50,7,5,8,0,0,1,0,0,0,0,0,1,0,1,0,7,0,0,0,0,1,0,0,1,0,0,0,1,0,0,1,0,0,0
212,female,21,student,no,0,0,0,1,0,0,3,0,1,0,0,0,0,0,0,0,0,0,0,0,1,0,0,0,0,2,1,0,0,0,1,0,0,0,0,0,0,0,1,0,5,2,0,0,0,0,0,0,0,0,1,0,0,1,1,0,7,few,small_or_automanage,6,8,5,1,0,0,0,0,0,0,1,1,0,0,0,7,0,1,0,0,0,0,0,0,0,0,0,0,0,0,1,0,0,0
213,male,30,employment,no,0,0,0,1,0,0,7,0,0,0,0,0,1,0,1,0,0,0,0,0,1,0,1,1,0,5,0,0,0,0,0,1,0,0,0,0,1,0,1,0,7,3,0,0,0,0,0,0,0,0,0,2,1,1,0,0,3,,up_to_25,5,7,8,0,1,0,0,0,0,0,1,0,1,1,0,6,0,1,0,0,0,0,0,0,0,0,1,1,0,0,0,1,1,0
214,male,16,volunteering,yes,0,0,1,1,0,0,8,1,0,0,1,0,0,0,1,0,0,0,0,1,0,1,1,0,0,3,0,0,0,1,0,0,0,0,1,0,1,1,0,0,5,10,0,0,0,0,0,0,0,1,0,1,0,1,1,1,7,the_more_the_better,up_to_50,5,7,10,0,1,0,1,0,0,1,0,0,0,1,0,7,0,0,1,0,0,0,0,1,0,0,0,1,1,0,1,0,0,1
215,male,24,employment,no,1,0,0,1,0,0,8,0,0,0,1,0,1,0,0,0,0,0,0,1,0,1,0,1,0,4,0,0,0,1,0,0,0,0,0,0,1,0,1,1,8,2,0,0,1,0,0,0,0,1,1,1,0,1,0,0,8,few,up_to_50,7,2,8,1,1,0,0,0,0,1,0,0,0,0,1,7,0,0,0,1,1,0,0,0,0,0,1,1,0,0,0,0,0,0
216,male,30,employment,no,0,0,0,1,0,0,9,0,1,0,1,1,0,0,1,0,1,0,0,1,0,1,1,0,0,10,1,1,0,0,1,0,0,0,0,0,1,0,1,0,10,10,0,0,0,0,0,1,0,0,0,1,1,1,1,0,10,few,bureaucratic_empire,10,10,10,0,0,1,1,0,0,0,0,1,0,1,0,10,0,0,1,0,0,0,0,1,0,0,1,0,0,0,1,1,0,1
217,male,34,employment,no,0,0,0,1,0,0,8,1,1,0,1,0,0,0,0,0,0,0,0,1,0,0,0,1,0,8,0,1,0,1,0,0,0,0,1,1,0,0,0,1,7,8,0,0,0,0,0,0,0,1,0,1,1,1,1,0,8,few,up_to_50,8,10,8,0,1,0,1,0,0,0,1,1,0,0,0,5,0,0,0,0,1,0,0,0,0,0,0,1,0,0,0,1,0,0
218,male,,unemployed,no,0,0,1,1,0,0,8,1,0,1,0,1,1,0,0,0,0,0,0,0,0,0,1,0,0,5,0,0,1,1,1,0,0,1,0,0,0,0,0,1,8,1,0,0,0,0,0,0,0,0,0,0,0,0,1,1,10,,up_to_10,5,5,1,1,0,0,0,1,1,0,0,0,0,1,0,5,0,1,0,0,0,0,1,0,1,0,0,1,0,0,0,0,1,1
219,male,44,employment,no,1,1,1,1,0,0,9,1,0,0,0,0,1,0,0,1,1,0,0,1,0,0,0,0,0,10,0,0,0,1,1,0,0,1,1,0,0,0,0,1,10,1,0,0,0,0,0,0,0,0,0,0,0,1,0,0,5,,,5,5,5,0,1,0,0,0,0,0,0,1,0,1,1,5,0,0,0,0,1,0,0,0,0,0,0,0,0,0,0,0,0,0
220,male,35,employment,yes,0,0,0,1,0,0,5,0,0,0,0,0,1,0,0,1,0,0,0,0,0,0,0,0,0,4,0,1,0,0,1,1,0,0,0,0,1,0,1,0,10,5,1,0,0,0,0,1,1,0,0,0,0,0,0,0,7,few,up_to_10,3,1,5,0,0,1,0,0,0,0,0,1,0,1,0,8,0,0,0,1,0,0,0,1,0,0,0,0,0,0,0,0,0,0
222,male,31,employment,no,1,0,0,1,0,0,9,1,0,0,0,0,1,0,0,1,1,0,0,1,0,0,1,0,0,9,1,0,0,0,0,1,0,0,0,1,0,1,0,1,4,6,0,0,0,1,0,0,0,1,1,1,0,1,0,0,8,the_more_the_better,up_to_50,3,7,2,0,0,0,0,0,0,0,1,1,1,1,0,9,0,0,0,1,1,0,0,1,0,0,0,0,0,0,1,1,0,0
223,male,18,student,yes,1,0,0,1,0,0,5,0,0,1,0,0,1,0,0,0,0,0,0,0,0,0,1,0,0,7,1,0,0,0,1,1,1,0,0,0,0,1,0,0,5,8,0,0,0,0,0,0,0,0,1,0,0,0,0,1,6,,up_to_25,8,7,6,1,0,0,0,0,1,1,0,0,0,1,0,5,0,0,0,1,1,0,0,0,0,0,0,0,0,0,1,1,0,0
224,male,,employment,yes,0,0,0,1,0,0,5,0,1,0,0,0,0,0,1,1,0,0,0,0,1,0,1,1,0,7,1,0,1,0,0,1,1,1,0,0,0,0,0,0,6,5,0,0,0,0,1,0,0,0,1,1,0,1,1,0,6,few,bureaucratic_empire,8,8,7,0,0,0,0,0,0,0,1,1,1,1,0,9,0,0,0,0,1,0,0,1,0,0,0,1,0,0,0,1,0,0
225,male,,employment,no,1,0,1,1,0,0,9,1,1,0,1,0,1,0,0,1,1,0,0,1,0,0,1,1,0,8,0,1,0,1,0,0,1,0,0,0,1,0,1,0,9,5,1,0,0,0,0,0,1,0,0,1,0,1,1,0,6,few,bureaucratic_empire,6,6,6,1,0,1,0,0,1,0,0,0,0,1,0,7,0,0,0,0,0,0,0,0,0,0,0,0,0,1,1,0,0,1
226,male,26,employment,no,0,0,0,1,0,0,7,0,1,0,0,0,1,0,1,1,0,0,0,1,0,1,1,0,0,7,1,0,0,1,0,0,0,0,0,0,0,0,1,0,9,8,0,0,0,0,0,0,0,1,1,0,1,1,1,0,5,few,bureaucratic_empire,7,7,9,0,0,1,0,0,0,0,0,1,0,1,1,6,0,0,0,1,1,1,0,1,1,0,0,0,0,0,0,1,0,0
227,male,36,employment,no,0,0,1,1,0,0,7,1,1,0,1,0,0,0,1,1,0,0,0,0,0,0,1,0,0,7,0,0,0,0,1,1,1,0,0,0,1,0,0,0,8,7,1,0,0,0,0,0,1,0,0,1,0,1,1,0,6,the_more_the_better,up_to_25,7,9,8,0,1,0,1,0,0,1,0,0,0,0,1,6,0,0,1,0,0,0,0,1,0,0,1,0,0,0,1,1,0,0
228,male,38,employment,no,0,0,0,1,0,0,9,0,1,1,1,0,0,0,1,0,0,0,0,0,0,1,0,0,0,9,0,0,0,1,0,1,0,0,1,0,1,0,1,0,10,10,0,0,0,0,1,0,0,0,1,0,1,1,1,0,10,few,up_to_25,8,8,10,1,0,0,1,0,0,1,0,0,0,0,1,8,0,0,0,0,1,0,0,0,0,0,0,0,0,0,0,0,0,0
231,male,22,student,yes,0,0,1,1,1,1,9,1,0,0,0,0,1,0,0,1,0,0,0,0,0,0,1,0,0,8,0,0,0,0,0,1,0,1,1,1,0,1,0,0,6,10,0,1,0,0,1,0,0,0,1,0,1,0,0,0,6,the_more_the_better,bureaucratic_empire,4,6,3,0,1,0,0,0,1,0,0,1,0,1,0,8,0,0,0,1,0,0,0,1,0,0,1,0,0,1,0,1,1,0
232,male,24,employment,no,0,1,1,1,0,0,7,1,1,0,0,0,1,0,1,1,0,0,0,1,0,0,1,0,0,1,1,1,0,0,0,1,0,0,0,0,0,1,1,0,5,10,0,0,0,0,0,0,0,0,0,1,1,1,1,1,10,few,up_to_50,6,7,7,1,0,0,0,0,0,1,1,0,0,1,0,10,1,1,0,0,0,0,0,0,0,0,1,1,1,0,1,0,0,0
233,male,49,employment,no,0,0,1,1,0,0,4,1,1,0,0,0,0,0,1,1,0,0,0,0,0,0,0,1,0,7,0,1,0,1,1,1,0,0,0,0,0,0,0,0,8,10,0,1,0,0,1,0,0,1,0,1,0,0,1,0,7,few,bureaucratic_empire,8,8,7,1,0,0,1,0,0,1,0,0,0,1,0,7,0,0,0,0,1,0,0,0,0,0,1,0,0,0,1,1,0,0
234,male,34,employment,no,0,1,1,1,1,0,7,0,1,0,0,0,1,0,0,0,0,0,0,0,0,0,1,1,0,6,0,1,0,0,0,1,0,0,0,0,0,1,1,1,7,9,1,0,0,0,0,0,0,0,1,1,1,1,0,0,7,few,up_to_50,6,8,7,1,0,1,0,0,0,1,0,0,0,1,0,7,0,0,1,0,0,0,0,1,0,0,1,1,1,0,1,0,0,0
235,male,23,student,no,0,0,1,1,0,0,7,0,1,1,0,0,0,0,0,0,0,0,0,1,0,1,1,1,0,7,1,0,0,1,0,1,1,0,1,0,0,0,0,0,8,10,0,0,0,0,0,1,0,0,1,1,0,1,1,0,7,few,up_to_50,8,10,3,0,1,0,0,0,0,0,1,0,0,1,1,9,0,0,0,1,1,1,0,1,1,0,0,0,0,0,0,1,0,0
236,male,28,student,no,0,0,0,1,0,0,8,1,0,0,1,0,0,0,1,0,0,0,0,1,0,0,1,1,0,4,0,0,1,0,0,1,0,0,0,0,1,0,1,1,8,10,0,0,0,0,0,0,0,0,1,1,1,1,1,0,8,few,up_to_25,4,8,8,1,0,0,0,0,0,1,1,0,0,1,0,4,1,0,1,0,0,0,0,0,0,0,1,0,0,0,0,0,0,0
237,male,18,student,yes,0,0,1,1,0,0,7,1,1,0,0,0,0,0,1,0,0,0,0,1,0,0,1,0,0,4,1,0,0,1,0,1,0,1,0,0,0,0,0,1,6,4,0,1,0,0,0,1,0,0,0,1,1,0,1,0,10,few,up_to_25,7,8,8,1,0,1,1,0,0,0,0,0,0,1,0,10,0,0,1,1,0,1,0,1,1,0,0,0,0,0,1,0,0,0
240,male,15,student,no,0,0,0,1,0,0,10,1,1,0,1,0,0,0,0,0,0,0,0,0,0,0,1,0,0,7,0,0,0,0,0,0,0,1,0,0,1,0,1,1,4,7,1,0,0,0,0,0,1,0,0,1,0,1,0,0,6,few,bureaucratic_empire,8,6,9,1,0,0,1,0,0,0,0,0,0,1,0,5,0,0,0,0,1,0,0,0,0,0,1,0,0,1,1,1,1,0
241,male,31,employment,no,0,1,1,1,0,0,8,0,1,0,0,0,1,1,0,1,0,0,0,1,0,0,1,0,0,9,1,0,0,1,0,1,0,0,0,0,0,1,1,0,5,9,1,0,0,1,0,0,0,0,1,0,0,0,1,1,7,few,up_to_25,7,6,8,1,1,0,0,0,1,0,0,0,0,1,0,9,0,0,1,0,1,1,1,1,1,0,0,0,0,0,0,0,0,0
242,male,35,employment,no,0,0,0,1,0,0,7,1,1,0,0,0,1,0,0,0,0,0,0,1,0,0,1,0,0,8,1,1,0,1,0,0,0,0,0,0,1,0,1,0,8,5,0,0,0,0,0,0,0,0,0,1,1,1,0,0,4,few,up_to_50,2,9,7,0,0,0,0,0,0,1,0,0,0,0,0,10,0,0,0,1,0,0,0,1,0,0,0,1,0,0,0,0,0,0
243,male,28,employment,no,0,0,0,1,0,0,10,1,1,0,0,0,1,0,1,0,0,0,0,1,0,0,1,0,0,10,0,0,0,1,0,1,0,0,1,1,1,0,0,0,9,8,0,0,1,0,0,1,0,0,1,0,0,1,0,1,8,few,up_to_50,8,10,10,0,1,0,0,0,0,0,0,1,1,1,0,7,0,0,1,1,1,1,0,1,0,0,0,1,0,0,0,0,0,0
244,male,42,employment,no,0,0,1,1,0,0,8,1,0,0,0,0,0,0,1,1,0,0,0,1,0,0,0,1,0,10,0,0,0,0,0,1,0,0,1,0,1,1,0,0,10,10,0,0,0,0,0,0,0,0,1,1,1,1,1,0,6,few,bureaucratic_empire,8,8,3,0,0,0,1,0,0,1,1,0,0,0,1,3,1,1,1,1,0,0,0,0,0,0,0,1,0,0,1,0,0,0
245,male,27,employment,no,0,0,1,1,0,0,5,1,0,1,0,0,1,0,1,1,0,0,0,1,0,0,1,0,0,5,0,0,0,1,0,1,0,0,0,0,1,0,1,0,9,10,0,0,0,0,0,0,0,1,1,0,1,1,1,0,10,few,up_to_25,7,6,7,0,1,0,1,0,0,0,0,1,0,0,1,8,0,0,1,0,1,1,0,1,0,0,0,0,0,0,1,1,0,0
246,male,34,employment,yes,0,0,0,1,0,0,9,0,0,1,0,1,1,0,0,0,0,0,0,1,0,0,1,0,0,10,0,1,0,1,0,1,0,0,0,0,1,0,1,0,10,8,0,1,0,0,0,0,0,0,1,1,0,1,1,0,8,few,up_to_10,8,8,8,1,0,0,0,0,1,0,0,1,0,1,0,10,0,0,1,0,1,0,0,0,1,0,0,1,0,0,1,1,0,0
247,male,34,unemployed,no,0,0,0,1,0,0,6,1,1,1,0,0,0,0,1,0,0,0,0,0,0,0,1,1,0,8,0,0,0,0,1,1,1,0,0,0,1,0,1,0,10,10,0,0,1,1,0,0,0,0,0,1,0,0,1,1,6,single,up_to_10,8,8,8,1,0,0,0,1,1,0,0,0,0,1,0,6,1,1,0,0,0,0,0,0,0,0,1,0,1,1,0,1,0,0
249,male,37,employment,no,0,1,1,0,0,0,8,0,0,0,0,1,0,0,0,0,0,0,0,0,0,0,1,0,0,3,1,0,1,0,1,1,0,0,0,0,1,0,0,0,8,8,1,0,0,0,0,0,0,1,0,1,0,0,1,1,3,few,up_to_25,5,8,8,0,1,1,0,0,0,0,0,0,1,0,1,10,0,0,0,1,0,0,0,1,1,0,0,0,0,0,0,0,0,0
251,prefer_not_to_say,20,employment,no,0,0,0,1,0,0,9,0,1,1,0,1,0,0,0,1,0,0,0,0,0,0,0,0,0,2,0,0,1,0,0,1,0,1,1,0,0,0,0,1,2,8,1,0,0,0,0,1,0,0,1,0,0,1,1,0,7,,bureaucratic_empire,1,5,6,0,0,1,0,0,0,0,0,1,0,0,0,5,0,0,0,0,1,0,0,0,0,0,0,0,0,0,1,0,0,0
252,male,23,student,no,0,0,0,1,0,0,8,1,0,0,0,1,1,0,1,1,0,0,0,1,0,0,1,0,0,3,0,1,0,0,0,1,0,0,0,0,0,0,1,1,9,8,0,0,0,0,1,0,0,1,1,0,0,1,1,0,10,few,up_to_50,4,6,6,0,0,0,1,0,1,1,0,0,0,1,0,10,0,0,1,1,0,0,0,0,0,0,0,0,0,0,1,0,0,0
253,male,37,employment,yes,1,0,0,1,0,0,8,1,0,0,0,1,0,1,1,0,0,0,0,0,0,0,1,0,0,6,0,0,0,0,1,1,0,0,0,0,1,0,1,0,6,8,0,0,0,0,0,0,0,0,1,0,0,1,1,1,10,few,up_to_10,2,7,10,0,1,0,2,0,0,0,1,0,0,0,0,10,0,0,1,1,1,0,0,0,0,0,1,0,0,0,1,0,1,0
254,male,52,employment,no,1,0,1,0,0,0,6,0,1,1,0,0,0,0,1,1,0,0,0,0,0,0,0,0,0,6,0,0,1,0,0,1,0,0,0,1,0,0,1,0,7,8,0,0,0,0,0,0,0,1,0,1,1,1,1,0,8,the_more_the_better,up_to_25,5,8,8,0,0,0,1,0,0,0,1,0,1,0,1,8,0,0,0,1,1,0,0,1,0,0,0,0,0,0,1,1,0,0
255,male,40,employment,no,1,1,1,1,0,0,8,0,1,0,0,0,1,0,0,0,1,0,0,1,0,0,0,0,0,7,0,0,0,1,0,1,0,0,0,1,0,0,0,0,5,4,0,0,0,0,0,0,0,0,0,1,1,1,0,0,9,few,,7,5,7,0,0,0,2,0,0,0,0,0,0,0,0,9,0,0,0,0,0,0,0,0,0,0,0,0,0,0,1,0,0,0
257,male,29,unemployed,no,0,0,0,1,0,0,8,1,0,1,0,0,1,0,1,0,0,0,0,1,0,1,1,0,0,9,0,0,0,0,1,1,0,0,0,0,1,1,1,0,10,4,0,0,0,0,0,0,0,1,1,0,0,0,1,0,10,few,bureaucratic_empire,8,10,3,0,1,1,0,0,0,0,0,1,0,1,0,8,0,0,1,0,1,0,0,0,1,0,1,0,0,0,1,1,0,0
258,male,13,student,yes,0,1,0,1,0,0,9,0,0,1,0,1,1,0,1,0,0,0,0,1,0,1,0,0,0,3,0,1,0,1,1,0,1,0,0,0,0,0,0,0,7,7,0,0,0,0,1,0,0,1,0,1,1,1,0,0,10,few,up_to_100,7,4,8,1,0,1,0,0,1,0,0,1,0,0,0,9,0,0,1,1,1,0,0,0,1,0,0,0,0,0,1,1,0,0
259,male,27,employment,no,1,0,1,1,0,0,6,1,1,1,0,0,0,0,1,1,1,0,0,1,0,0,1,1,0,8,1,0,1,0,0,0,0,0,1,0,0,1,0,0,10,10,0,0,0,0,0,0,0,0,1,1,1,0,1,1,8,few,up_to_50,7,6,10,1,0,0,1,0,0,1,1,0,0,0,0,10,0,0,0,0,0,0,0,0,0,0,0,0,0,0,1,0,0,0
260,male,20,student,yes,1,0,1,1,0,0,9,0,1,0,0,0,0,0,1,0,0,0,0,1,0,1,1,0,0,10,1,0,0,1,0,1,0,0,1,0,1,0,0,0,10,10,0,0,0,0,1,0,0,0,0,1,1,1,0,1,9,the_more_the_better,bureaucratic_empire,10,10,10,1,0,1,0,0,0,0,1,0,1,0,0,10,1,1,0,1,1,0,0,0,1,0,0,0,0,0,0,1,0,0
261,male,35,student,no,0,0,0,1,0,0,9,1,1,0,1,1,0,0,0,1,0,0,0,1,0,1,0,1,0,10,0,1,0,0,0,1,0,0,1,1,0,1,0,0,8,9,1,0,1,0,1,0,0,0,0,1,0,0,1,0,7,the_more_the_better,up_to_25,6,7,7,0,1,0,0,0,0,0,1,0,0,1,1,8,0,0,1,0,1,0,0,1,1,0,0,1,0,0,0,1,0,0
262,male,35,employment,yes,0,0,0,1,0,0,10,1,1,0,1,1,0,0,0,0,0,0,0,1,1,1,1,0,0,10,0,1,0,0,0,1,0,0,0,0,1,0,1,0,10,5,0,0,0,0,0,0,0,0,0,1,1,0,0,0,1,few,bureaucratic_empire,5,8,1,0,2,1,0,0,0,0,0,1,0,0,0,10,0,1,1,0,0,0,1,1,0,0,0,0,0,0,0,0,0,0
263,male,8,student,no,0,1,1,1,0,0,5,0,0,0,0,0,0,1,0,0,0,0,0,0,0,0,0,0,1,6,0,0,1,1,0,0,1,1,0,0,0,0,0,0,6,8,0,0,0,0,0,0,0,0,0,0,0,0,0,1,4,,bureaucratic_empire,6,5,7,0,0,0,0,0,0,1,0,0,0,0,0,4,0,1,0,0,0,0,0,0,0,1,1,0,0,1,1,0,1,0
264,male,27,employment,no,0,0,1,1,0,0,10,1,0,1,0,0,1,0,0,0,0,0,0,0,0,0,1,0,0,10,0,0,0,1,0,0,0,0,1,0,0,0,0,1,8,10,1,0,0,0,0,1,0,0,1,0,1,0,0,0,9,the_more_the_better,bureaucratic_empire,9,9,9,0,0,1,0,0,1,0,0,1,0,1,0,10,0,0,0,0,0,0,0,1,0,0,0,0,0,0,1,0,0,0
265,male,19,student,no,0,0,1,1,0,0,8,1,1,1,0,0,1,0,0,0,0,0,0,1,0,0,1,0,0,3,0,1,0,0,0,1,1,0,0,1,1,0,0,0,4,7,0,0,0,0,1,0,0,1,0,1,0,1,0,1,10,few,up_to_25,3,8,10,0,0,0,0,0,0,1,1,0,1,0,1,10,0,0,0,1,0,1,0,0,1,0,0,0,1,0,0,0,1,0
268,male,19,student,no,1,0,1,1,0,0,9,0,0,1,0,0,0,0,0,1,0,0,0,0,0,0,0,0,0,7,0,0,1,1,0,1,0,1,0,1,0,0,0,0,8,8,0,1,0,0,0,0,0,0,1,0,0,1,1,1,8,the_more_the_better,up_to_25,7,8,7,0,0,0,0,0,0,1,1,0,1,0,1,8,0,0,0,0,1,0,0,0,0,0,0,0,0,0,0,0,0,0
270,male,55,employment,no,1,0,1,0,0,0,9,1,1,1,1,0,0,0,0,1,0,0,0,1,0,1,1,0,0,8,0,1,0,1,0,1,0,0,0,0,1,0,1,0,10,10,0,1,0,0,1,0,0,0,1,1,1,0,0,0,8,few,up_to_25,5,7,6,0,1,0,1,0,0,1,0,1,0,0,0,9,0,0,0,1,1,0,0,0,1,0,1,0,0,0,1,1,0,0
271,male,40,employment,no,0,0,1,1,0,0,10,0,1,0,1,0,1,0,1,1,0,0,0,1,0,0,1,1,0,9,0,1,0,1,0,0,0,0,1,0,0,1,0,1,7,10,1,0,1,0,0,0,0,0,1,1,0,0,1,0,7,few,bureaucratic_empire,5,7,8,1,0,1,0,0,0,0,1,1,0,0,0,8,0,1,1,0,1,0,0,0,1,0,0,1,0,0,1,0,0,0
272,male,30,employment,no,1,0,0,0,0,0,7,0,1,0,1,0,0,0,0,0,0,0,0,0,0,0,1,1,0,7,1,1,0,1,0,0,0,0,0,0,0,1,1,0,8,8,0,0,0,0,0,0,0,0,1,0,1,0,1,0,8,few,up_to_25,6,6,7,0,0,0,1,0,0,1,1,1,0,0,0,7,0,0,1,0,0,0,0,0,0,0,0,0,1,0,1,1,0,1
273,male,21,student,no,1,1,1,1,1,1,4,0,1,1,0,0,1,0,1,1,0,0,0,1,0,0,1,0,0,9,0,0,1,0,1,0,1,0,0,0,0,1,0,0,10,10,0,1,0,0,1,0,0,0,1,1,1,0,0,0,7,few,up_to_100,7,10,9,1,0,1,1,0,0,0,0,0,0,1,0,10,0,1,0,0,0,0,0,0,0,0,1,0,1,0,1,0,0,0
274,male,37,employment,no,0,1,0,1,0,0,8,0,0,1,0,1,0,0,0,0,0,0,0,1,0,1,0,1,0,9,0,1,0,0,0,1,0,0,0,0,1,1,1,0,10,8,1,0,1,0,0,0,0,1,1,1,0,0,0,0,10,few,up_to_100,6,9,5,0,0,1,0,0,1,0,0,1,0,0,0,10,0,0,1,0,1,0,0,0,0,0,0,1,0,0,0,0,0,0
275,male,28,unemployed,no,0,0,1,1,0,0,9,1,1,0,0,1,0,0,0,0,0,0,0,0,0,1,1,0,1,10,0,0,0,1,1,1,0,0,0,0,1,0,0,1,10,10,1,0,0,0,0,1,1,0,0,0,0,0,1,1,1,the_more_the_better,bureaucratic_empire,3,5,8,0,0,1,0,0,1,1,0,0,0,0,0,10,1,0,1,0,1,0,0,1,0,0,0,0,0,0,0,0,0,0
277,male,21,student,no,1,0,1,1,0,0,10,2,0,0,1,0,0,0,0,1,0,0,0,0,0,0,1,0,0,8,0,0,0,1,0,1,0,1,1,0,0,1,0,0,8,9,0,1,0,0,0,0,0,0,1,1,0,1,0,1,8,few,bureaucratic_empire,8,8,8,0,0,1,0,0,0,0,1,0,0,1,1,5,0,0,0,0,0,0,0,1,0,0,0,1,1,0,1,0,0,1
278,male,31,employment,no,0,0,0,1,0,0,9,1,0,1,1,1,0,0,0,0,0,0,0,0,0,1,1,0,0,7,0,0,0,1,0,1,0,0,0,1,0,0,0,1,8,10,0,0,0,0,1,0,0,1,1,0,0,1,1,0,10,few,bureaucratic_empire,8,7,6,0,0,1,0,0,0,0,0,1,0,1,1,10,0,1,1,0,1,0,0,0,0,0,0,1,0,0,1,1,0,0
279,male,44,employment,no,0,0,1,1,0,0,5,1,1,0,0,0,0,0,0,0,0,0,0,1,0,0,0,0,0,2,0,0,1,1,0,1,1,1,0,0,0,0,0,0,8,10,0,1,1,0,0,0,0,0,1,1,0,0,1,0,10,few,up_to_100,1,1,7,0,1,1,0,0,0,0,0,1,0,1,0,4,0,0,1,0,1,0,0,1,1,0,0,1,0,0,1,0,0,0
280,male,23,unemployed,no,1,1,1,1,0,1,10,0,1,1,1,0,0,0,1,0,0,0,0,1,0,0,1,0,0,9,0,1,1,1,0,0,0,0,0,1,1,0,0,0,6,10,0,0,0,0,0,1,0,0,1,0,0,1,1,1,8,the_more_the_better,bureaucratic_empire,8,9,7,0,1,0,1,0,0,0,1,0,0,1,0,9,1,1,1,1,0,0,0,0,0,0,0,0,0,0,1,1,0,0
281,male,33,employment,no,0,0,0,1,0,0,9,0,1,0,1,1,1,0,0,1,1,0,0,1,0,1,1,0,0,8,0,1,0,1,0,1,0,0,1,0,1,0,0,0,7,9,0,0,0,0,0,1,0,0,1,1,0,0,1,1,4,few,bureaucratic_empire,5,8,9,0,1,1,0,0,0,0,0,0,0,1,1,8,0,1,1,0,0,0,0,1,1,0,0,0,0,0,0,0,0,0
282,male,24,student,no,0,1,1,1,0,0,8,1,1,0,1,0,0,0,1,1,0,0,0,0,1,0,0,0,0,3,1,0,1,0,0,1,0,0,0,0,0,0,0,0,7,10,0,0,0,0,0,0,0,0,1,1,0,1,1,1,3,few,up_to_50,3,8,9,1,0,0,1,0,1,0,0,1,0,0,0,7,0,1,0,0,0,0,0,0,0,0,1,0,0,0,0,0,0,0
283,male,16,student,no,0,0,0,1,0,0,7,0,1,0,0,0,0,0,1,0,0,0,0,0,0,0,1,0,0,8,0,0,1,1,0,0,0,1,0,0,1,1,0,0,8,10,1,0,0,0,1,0,0,0,1,1,0,1,0,0,8,few,up_to_50,10,9,8,0,0,0,0,0,0,1,1,0,1,0,1,10,0,0,0,0,1,0,1,1,1,0,0,1,0,0,0,1,0,0
284,male,16,student,no,1,0,1,1,0,0,7,0,0,0,0,1,0,0,0,1,0,0,0,1,0,0,0,1,0,5,0,0,1,1,0,0,1,1,0,0,1,0,0,0,10,9,1,0,0,0,0,1,1,0,0,1,1,0,0,0,10,few,bureaucratic_empire,6,7,2,0,0,0,0,0,0,1,1,1,0,0,0,6,0,0,0,1,0,0,0,0,0,0,0,0,0,0,1,0,0,0
285,male,43,employment,no,0,1,1,1,0,0,10,1,1,1,1,0,0,0,0,0,0,0,0,1,0,0,1,1,0,9,0,1,0,1,0,1,0,0,0,0,1,0,0,0,10,2,0,0,0,0,0,0,0,1,0,1,1,1,1,0,5,few,bureaucratic_empire,5,5,6,1,0,1,0,0,0,1,0,1,0,0,0,8,1,1,0,1,0,0,0,0,1,0,0,0,0,0,0,0,0,0
286,male,38,employment,no,0,1,0,1,0,0,10,0,1,1,0,1,0,0,1,1,0,0,0,1,1,1,1,1,0,10,0,0,0,1,1,0,0,0,1,0,0,1,0,1,8,10,0,1,0,0,0,0,0,0,1,1,0,1,0,1,8,few,up_to_50,10,7,10,0,0,0,1,0,0,1,0,1,0,1,0,8,0,0,0,1,1,0,0,1,0,0,0,0,0,0,1,0,0,0
287,male,25,unemployed,no,0,0,0,1,0,0,8,0,1,0,1,0,0,0,1,1,0,0,0,0,0,1,0,0,0,9,1,0,1,0,0,1,0,0,0,0,0,1,1,0,8,10,0,0,0,0,1,0,0,0,1,0,0,0,1,1,8,the_more_the_better,bureaucratic_empire,7,6,8,1,1,0,1,0,0,0,0,1,0,0,0,10,0,0,0,0,1,1,0,0,1,0,0,1,0,0,0,0,0,1
289,male,13,student,no,0,0,1,1,0,0,6,0,1,0,1,0,0,0,0,0,0,0,0,1,0,0,1,0,0,7,1,1,0,0,1,1,0,0,0,0,0,0,1,0,10,9,0,1,0,0,0,0,0,0,1,1,1,1,0,0,7,few,up_to_50,7,8,7,0,1,1,1,0,0,0,1,0,0,0,0,10,0,0,1,1,0,1,0,1,1,0,0,0,0,0,1,0,0,0
290,male,26,employment,yes,0,0,0,1,0,0,5,0,1,1,0,0,0,0,1,0,0,0,0,1,0,1,1,0,0,7,0,0,0,1,1,0,0,0,0,0,1,1,1,0,10,8,0,0,1,0,0,0,0,0,1,1,0,1,0,0,8,the_more_the_better,bureaucratic_empire,7,9,7,0,0,0,0,0,1,0,0,0,1,1,1,7,0,0,0,1,1,0,0,0,0,0,0,0,0,0,1,0,0,0
291,male,33,employment,yes,0,1,0,1,0,0,9,1,1,0,1,0,1,0,0,0,0,0,0,0,0,1,0,0,0,8,0,0,0,1,0,1,0,0,1,0,0,1,1,0,7,7,1,0,1,1,0,0,0,1,0,0,0,0,1,0,7,few,up_to_50,6,8,5,1,0,0,0,0,0,1,0,1,0,1,0,7,0,1,1,0,1,0,0,0,0,0,1,1,1,0,0,0,0,0
293,female,32,employment,no,0,0,1,0,0,0,7,0,0,0,0,0,0,0,0,1,0,0,0,0,0,0,0,0,0,7,0,0,0,0,0,0,0,0,0,0,0,1,0,0,7,10,0,0,0,0,0,0,1,0,0,1,1,1,0,0,10,few,bureaucratic_empire,10,8,10,1,1,0,0,0,0,0,0,1,0,0,1,10,0,1,0,0,1,0,0,0,0,0,0,0,1,1,0,1,0,1
294,female,16,student,no,0,0,1,1,0,0,8,0,1,1,1,0,0,0,0,0,0,0,0,0,0,0,1,0,0,9,0,0,0,1,1,0,1,0,0,1,0,0,0,1,9,7,0,0,0,0,0,1,1,0,0,1,0,1,1,0,8,few,bureaucratic_empire,8,10,3,0,1,0,0,0,1,0,1,0,1,0,0,9,0,0,1,0,1,0,0,0,1,0,1,1,0,0,0,1,0,0
296,female,28,employment,no,1,0,0,0,0,0,9,0,1,0,1,0,1,0,1,1,0,0,0,0,0,1,1,1,0,10,1,0,1,0,0,1,0,0,0,0,0,1,1,0,9,8,0,0,0,0,0,0,1,0,1,1,0,1,0,1,5,few,up_to_50,9,10,8,0,0,1,0,0,0,0,1,0,1,1,0,6,1,1,0,0,0,0,0,0,0,0,0,1,0,0,0,0,0,1
297,male,22,student,no,0,0,0,1,0,0,8,1,0,1,1,1,0,0,0,1,0,0,0,0,0,0,1,1,0,7,0,1,0,0,0,1,1,0,0,0,0,0,0,0,6,8,0,0,0,1,0,0,0,0,1,1,0,1,1,0,7,the_more_the_better,up_to_25,5,7,6,0,0,0,1,0,0,0,0,0,1,1,1,6,0,1,1,0,0,0,0,0,0,0,1,0,0,1,1,0,0,0
300,male,34,employment,no,1,1,0,1,0,0,9,1,0,1,1,0,0,0,1,1,0,0,0,1,0,1,1,0,0,5,0,0,0,0,0,1,1,0,1,0,0,1,1,0,10,6,0,0,1,0,0,1,0,0,0,1,1,1,0,0,7,few,up_to_10,5,9,7,0,1,0,0,0,0,0,0,1,1,1,0,5,0,0,0,0,0,0,0,0,1,0,1,1,1,1,0,1,0,0
302,male,37,employment,no,0,0,0,1,0,0,10,1,1,1,0,0,1,0,0,1,0,0,0,0,0,0,1,0,0,10,1,0,0,0,0,1,0,0,1,0,0,1,1,0,10,1,0,0,0,0,1,0,0,0,0,1,0,1,0,0,4,single,bureaucratic_empire,3,6,8,1,0,1,0,0,1,0,0,0,0,1,0,7,1,0,0,0,0,0,0,0,0,1,1,1,1,0,0,0,0,0
303,male,32,employment,no,0,0,0,1,0,0,7,0,1,1,0,0,1,0,1,0,0,0,0,0,0,0,1,1,0,6,0,0,0,1,0,0,0,1,0,0,0,1,0,0,5,3,0,0,0,0,0,0,0,0,0,0,0,0,0,0,7,few,small_or_automanage,3,4,4,0,0,1,0,0,0,1,0,1,0,1,0,9,1,0,0,0,1,0,0,0,1,0,1,1,0,0,0,1,0,0
305,male,,student,no,1,0,1,1,0,0,6,1,0,1,0,0,0,0,0,1,0,0,0,0,0,1,1,0,0,8,1,0,0,0,0,1,0,0,0,0,0,1,1,1,6,8,0,0,0,0,0,0,0,0,1,1,1,1,1,0,7,few,up_to_50,6,7,6,0,1,0,1,0,0,1,0,1,0,0,0,6,0,1,1,1,1,0,0,0,0,0,0,0,0,1,1,0,0,0
306,male,23,employment,no,0,0,0,1,0,0,4,0,0,0,0,0,0,0,0,0,0,0,0,1,0,0,1,0,0,6,0,0,0,1,0,1,1,0,1,0,0,0,0,1,10,7,0,0,0,0,1,0,0,0,0,0,1,1,0,0,7,the_more_the_better,bureaucratic_empire,7,8,7,0,1,0,1,0,0,1,1,0,0,0,0,7,0,0,1,1,0,0,0,1,1,0,0,1,1,0,0,0,0,0
307,female,35,employment,no,0,0,0,1,0,0,8,0,1,1,0,1,0,0,1,1,0,0,0,1,0,1,1,0,0,9,0,1,0,0,1,1,0,0,0,0,0,1,1,0,10,10,0,1,0,0,0,0,0,1,1,0,0,1,1,0,10,few,up_to_25,3,10,9,0,1,0,0,0,0,0,1,1,1,0,0,8,0,0,0,0,0,0,0,0,0,0,0,0,0,0,1,0,0,0
308,male,22,employment,no,1,0,1,1,0,0,4,0,0,1,0,0,0,0,1,1,0,0,0,1,0,0,1,0,0,8,0,1,0,0,1,1,0,0,0,0,1,0,1,0,10,10,0,0,0,0,1,1,0,1,1,0,0,0,0,1,8,the_more_the_better,,6,9,9,0,0,1,0,0,0,0,1,1,0,1,0,10,0,0,0,1,1,1,0,0,1,0,1,0,0,0,1,0,0,0
309,prefer_not_to_say,38,employment,no,0,0,1,1,0,0,8,1,1,0,0,0,1,0,1,0,0,0,0,0,0,0,1,0,0,5,0,0,0,2,0,0,0,0,0,1,0,0,1,0,5,10,0,0,0,0,1,1,0,1,1,1,0,0,0,0,8,,bureaucratic_empire,8,10,10,0,1,1,0,0,0,1,0,0,0,0,1,10,0,1,1,0,0,0,0,0,0,0,1,0,1,0,1,1,0,0
310,male,18,student,no,0,0,1,1,0,0,8,0,1,1,0,0,0,0,1,0,0,0,0,1,0,1,0,0,0,7,0,0,0,1,0,1,0,0,0,0,0,0,1,0,4,9,1,0,0,0,0,0,0,0,1,1,1,0,0,1,7,few,up_to_50,10,9,7,0,0,1,0,0,0,1,0,1,0,1,0,10,0,0,1,0,1,0,0,1,1,0,0,0,0,0,1,1,0,0
311,male,28,employment,no,0,0,1,1,0,0,8,0,0,1,0,1,1,0,1,1,0,0,0,1,0,0,1,1,0,7,0,1,0,0,0,1,0,1,0,0,0,0,1,1,8,7,0,0,0,0,1,0,0,1,0,1,1,1,0,0,6,few,up_to_25,4,8,6,1,0,0,0,0,0,0,0,1,0,1,0,8,0,0,0,0,0,1,0,0,0,0,0,0,1,0,0,1,0,0
312,male,23,student,no,0,0,0,1,0,0,4,0,0,0,0,0,0,0,0,1,0,0,0,0,0,0,1,0,0,5,0,0,0,0,0,1,1,1,0,0,1,1,0,0,9,8,1,0,0,0,1,0,1,0,0,0,0,0,1,1,7,few,up_to_25,4,9,7,0,1,0,0,0,0,0,1,0,1,1,0,8,0,0,0,0,0,0,0,1,0,0,1,1,0,0,0,1,1,0
313,male,58,employment,no,1,0,1,1,0,0,8,1,0,1,0,0,1,0,0,0,0,0,0,1,0,0,1,0,0,7,0,1,0,0,0,1,0,0,0,0,0,1,0,0,6,10,0,0,0,0,0,0,0,0,1,1,0,1,0,1,10,,bureaucratic_empire,9,9,8,1,1,0,0,0,0,0,1,0,0,0,0,10,0,0,1,0,0,0,0,0,0,0,0,0,0,0,0,0,0,0
314,female,,employment,no,1,1,0,1,0,1,8,0,0,0,0,0,0,1,0,0,1,0,0,1,0,0,1,0,0,8,0,0,0,0,0,0,0,0,0,0,0,0,1,0,8,8,1,0,1,1,0,1,1,0,0,0,0,0,0,0,6,few,up_to_25,6,9,7,0,0,1,0,0,1,0,0,0,0,1,1,8,1,1,0,0,0,0,0,0,0,1,0,1,0,0,0,0,0,0
315,male,18,student,no,0,0,1,1,0,0,1,0,0,0,0,0,0,0,0,1,0,0,0,1,0,0,1,0,0,3,0,0,0,1,0,0,0,0,1,1,0,0,0,0,7,10,0,1,0,0,1,1,0,0,0,1,0,1,0,0,10,the_more_the_better,up_to_50,8,10,9,0,1,0,0,0,0,1,1,0,0,1,0,10,0,1,0,0,1,1,0,0,0,0,0,1,0,0,1,1,0,0
317,male,25,student,no,0,0,0,1,0,0,10,0,0,0,0,0,0,0,1,0,1,0,0,1,0,0,0,0,0,7,0,0,1,0,0,0,1,1,0,1,0,0,0,1,9,9,0,0,0,0,1,0,0,1,0,0,1,0,1,1,8,the_more_the_better,up_to_10,3,7,9,0,0,0,0,0,0,0,0,0,0,1,0,9,1,0,0,0,0,0,0,0,0,0,0,0,0,0,0,0,0,0
319,male,23,employment,no,0,0,1,1,0,0,8,0,0,0,1,0,1,0,0,0,0,0,0,1,0,0,1,0,0,9,0,0,0,1,0,0,0,0,0,0,0,0,0,1,8,7,1,0,0,0,0,0,0,0,1,1,0,1,0,1,9,the_more_the_better,up_to_25,8,8,10,1,0,0,0,0,0,0,1,0,1,1,0,8,0,0,1,1,0,0,0,0,0,0,0,1,1,0,1,1,0,0
320,male,23,student,no,0,0,0,1,0,0,8,1,0,0,0,1,0,1,0,0,0,0,0,1,0,1,0,0,0,10,0,0,0,1,0,1,0,0,1,1,0,0,0,1,7,7,0,0,0,0,1,0,0,0,0,1,1,0,1,0,6,few,up_to_50,6,7,8,0,0,0,1,0,0,1,0,0,1,0,1,8,0,0,1,1,0,0,0,1,1,0,0,0,0,0,1,1,0,0
321,prefer_not_to_say,,student,no,0,0,0,1,0,0,9,0,0,0,0,0,0,0,0,0,0,0,0,0,0,1,0,0,0,5,1,0,1,1,0,0,0,1,0,0,0,0,0,1,9,10,0,1,0,1,0,0,0,0,0,1,0,1,1,0,8,few,bureaucratic_empire,6,5,9,1,0,0,1,0,1,0,0,0,0,1,0,9,1,0,0,1,0,0,0,0,1,0,0,1,0,0,1,1,0,0
322,male,19,student,no,1,0,1,1,0,0,8,1,1,1,1,0,0,0,0,0,0,0,0,0,0,0,1,0,0,7,0,1,0,0,0,1,0,0,0,0,1,0,1,1,7,6,0,0,0,1,0,0,0,1,1,1,0,1,0,0,10,few,up_to_100,8,8,8,0,0,1,0,0,1,0,0,1,0,1,0,10,0,0,1,1,0,1,0,0,0,0,0,0,0,0,1,0,0,1
323,female,15,student,no,0,0,1,1,0,0,1,0,0,0,0,0,0,0,0,1,0,0,0,1,0,0,1,0,0,8,1,0,0,0,1,1,0,0,0,0,1,0,1,0,10,10,0,0,0,0,0,0,0,1,1,1,0,1,0,1,6,few,up_to_25,1,10,10,1,1,0,0,0,0,0,1,0,1,0,0,10,1,1,0,0,0,0,0,0,0,1,0,0,1,0,1,0,1,0
324,male,27,employment,no,0,0,0,1,0,0,4,0,1,0,0,0,1,0,0,0,0,0,0,0,0,0,0,1,0,1,0,1,0,0,1,1,0,0,0,0,0,0,1,1,4,1,0,0,0,0,0,0,0,0,0,1,1,1,0,0,10,single,up_to_100,10,10,10,1,0,0,1,0,0,1,0,1,0,0,0,10,0,1,0,0,0,0,0,0,0,0,0,0,0,0,0,0,0,0
326,male,34,employment,no,0,0,0,1,0,1,8,1,0,1,1,1,0,0,0,0,1,0,0,1,0,1,0,0,0,5,0,1,0,1,0,0,0,0,1,0,0,0,0,1,10,1,0,0,1,1,0,0,0,0,0,1,1,0,0,0,3,few,up_to_10,6,8,4,0,1,1,0,0,0,1,0,0,0,0,1,8,0,0,1,0,1,0,1,1,0,0,0,0,1,1,0,0,0,0
327,male,40,sabbatical,no,0,0,0,1,0,0,10,1,1,0,0,0,1,0,1,0,0,0,0,0,0,0,0,1,0,8,0,0,0,1,0,1,0,0,1,0,1,0,1,0,7,6,0,0,0,0,0,1,1,0,0,0,0,1,1,0,3,few,up_to_25,3,6,8,0,0,1,0,0,1,0,0,0,0,1,1,8,1,1,0,0,0,0,0,0,0,1,0,0,0,0,1,0,0,1
328,male,27,student,no,0,1,0,1,0,0,10,1,0,0,1,0,0,0,0,0,0,0,0,1,0,1,1,0,0,8,1,0,0,1,0,1,0,0,0,0,1,0,0,1,7,10,0,0,0,0,1,0,0,1,1,1,0,0,1,0,7,few,up_to_50,9,3,5,0,0,0,1,0,0,1,0,0,0,0,0,10,0,0,1,0,0,0,0,0,1,0,0,0,0,0,1,0,0,0
329,male,25,unemployed,no,0,0,1,1,0,0,7,1,1,0,0,1,1,0,0,0,0,0,0,0,0,0,1,0,0,3,1,0,0,0,0,1,1,0,0,0,1,0,1,0,8,7,0,0,1,0,1,0,0,0,0,1,1,1,0,0,5,few,up_to_50,9,5,6,0,0,1,0,0,1,0,1,0,1,0,0,7,0,0,1,0,0,0,0,0,1,1,0,1,0,0,1,0,0,1
332,male,24,employment,no,0,0,0,1,0,0,8,0,0,0,0,1,0,0,0,0,0,0,0,0,0,1,0,0,0,6,0,1,0,1,0,1,0,0,0,0,0,0,0,0,8,3,0,0,1,0,0,1,0,0,0,0,1,1,0,0,8,few,up_to_50,4,7,6,0,0,1,0,0,1,0,0,0,0,1,1,5,0,0,1,0,0,0,0,0,1,0,0,0,0,0,0,0,0,0
333,male,25,sabbatical,yes,1,1,0,1,0,0,10,1,1,1,0,0,0,0,1,1,0,0,0,0,0,0,1,1,0,8,0,1,0,1,0,0,0,1,0,1,0,0,0,0,10,8,0,0,0,0,0,1,1,0,1,1,0,0,0,1,8,the_more_the_better,bureaucratic_empire,8,10,7,1,0,1,0,0,0,1,0,1,0,0,0,10,0,0,1,1,1,0,0,1,0,0,0,1,0,0,0,0,0,0
335,male,15,student,yes,0,0,0,1,0,0,6,0,1,0,0,0,0,0,0,1,0,0,0,0,0,0,1,1,0,7,0,0,1,0,0,0,0,1,0,1,1,0,0,1,7,7,0,0,0,0,0,0,0,0,1,1,1,0,1,1,7,few,up_to_10,9,10,8,0,0,1,1,0,0,1,0,0,0,1,0,7,1,0,0,1,1,0,0,0,0,0,1,0,0,0,1,0,0,0
337,female,18,student,no,0,0,0,1,0,0,7,0,0,0,0,0,1,0,0,0,0,0,0,0,0,0,1,0,0,4,1,0,0,1,0,1,0,0,0,0,1,0,1,0,9,10,0,0,0,0,1,0,0,0,1,1,0,1,1,0,6,few,up_to_25,8,4,9,1,0,1,0,0,0,1,1,0,0,0,0,4,0,0,0,1,0,0,0,1,0,0,0,0,0,0,0,0,0,0
338,male,44,employment,no,1,0,0,1,0,0,8,0,1,1,1,0,0,1,0,0,0,0,0,1,0,0,0,2,0,7,0,0,1,0,0,1,0,0,1,0,1,0,1,0,10,10,0,0,0,0,0,0,1,0,1,1,1,1,0,0,10,few,bureaucratic_empire,8,8,8,1,1,1,0,0,0,0,0,1,0,0,0,7,0,1,0,0,1,0,0,1,0,0,0,0,0,0,1,0,0,0
339,male,14,student,no,0,0,0,1,0,0,7,0,0,0,0,0,1,0,0,0,0,0,0,1,0,0,0,0,0,8,1,0,0,1,0,1,0,0,1,1,0,0,0,0,9,10,0,1,0,0,1,1,0,0,1,1,0,0,0,0,10,the_more_the_better,bureaucratic_empire,8,10,9,1,1,0,0,0,0,0,1,1,0,0,0,9,0,0,1,1,0,1,0,0,0,0,0,1,0,0,0,0,0,0
340,female,,student,no,1,0,1,1,0,0,7,0,1,0,0,0,0,0,1,1,0,0,0,1,0,0,1,0,0,8,0,0,0,0,1,1,0,0,0,0,0,1,1,1,10,8,0,0,0,0,0,0,0,1,1,0,1,1,0,1,7,few,up_to_100,9,10,9,1,0,0,0,0,0,1,1,0,0,1,0,7,0,1,1,0,0,1,0,0,0,0,0,0,0,1,0,1,0,1
341,male,34,employment,no,1,0,1,1,0,0,8,0,1,0,1,0,0,0,1,0,1,0,0,1,0,0,1,0,0,9,1,0,0,0,0,0,0,0,1,0,0,1,0,0,7,10,0,0,0,0,0,0,0,0,1,1,0,1,0,0,9,few,bureaucratic_empire,7,4,7,0,1,0,0,0,0,0,1,0,1,1,0,5,0,1,0,0,1,0,0,0,0,1,0,0,0,0,0,0,0,0
342,male,26,unemployed,no,0,0,0,1,0,0,6,0,0,0,1,0,0,0,0,0,0,0,1,0,0,0,0,0,0,7,0,1,0,0,1,1,0,0,0,0,1,1,0,0,8,6,0,0,0,0,1,0,0,0,0,1,1,1,1,0,7,few,up_to_25,5,7,8,0,0,1,1,0,1,0,0,0,0,1,0,8,0,1,0,0,1,0,0,0,0,0,1,1,0,0,0,1,0,0
343,male,19,student,yes,0,0,0,1,0,0,8,0,1,0,0,0,1,0,0,1,0,0,0,1,0,0,0,0,0,9,1,0,0,0,0,1,0,0,0,1,0,1,0,1,10,4,0,1,0,0,0,1,0,0,0,0,1,1,0,1,8,the_more_the_better,up_to_25,8,10,7,0,0,0,0,0,0,0,1,1,1,0,1,7,0,0,0,1,0,0,0,0,0,0,0,1,1,0,1,0,1,0
344,female,17,student,no,0,0,1,1,0,0,6,0,1,0,0,0,0,0,0,0,0,0,0,1,0,0,1,1,0,5,0,0,1,0,1,1,1,0,0,0,0,0,1,0,10,7,0,0,0,0,1,0,0,0,0,1,1,1,1,0,8,few,up_to_25,9,9,7,1,1,1,0,0,0,0,1,0,0,0,0,8,1,0,0,1,0,0,0,0,0,0,1,1,0,0,1,0,1,0
345,male,31,employment,no,0,0,1,1,0,0,10,0,0,1,0,0,1,0,0,1,1,0,0,1,0,0,1,0,0,10,1,0,0,0,0,1,0,0,1,0,0,1,0,1,10,8,0,1,0,0,0,0,0,1,0,0,0,1,0,0,4,few,bureaucratic_empire,5,1,5,1,0,1,0,0,1,0,1,0,0,0,0,5,1,1,1,0,1,0,0,0,0,0,0,1,1,0,0,0,0,0
346,male,18,student,no,0,0,0,1,0,0,6,0,1,1,1,0,1,0,0,0,0,0,0,1,0,0,1,0,0,8,0,0,0,1,0,0,0,0,1,0,1,1,1,0,8,7,0,1,0,0,0,0,1,0,1,0,0,1,0,0,6,few,up_to_50,9,8,1,0,0,0,0,0,0,1,0,0,0,1,0,8,0,0,1,0,1,0,0,0,0,0,0,0,1,0,1,0,0,0
347,male,23,student,no,0,0,1,1,0,0,8,0,1,1,0,0,1,0,0,1,0,0,0,0,0,0,1,0,0,1,0,1,0,1,0,1,0,0,0,0,0,1,1,0,8,9,1,0,0,0,1,0,0,0,1,1,0,1,0,0,7,the_more_the_better,up_to_25,9,9,8,0,0,1,0,0,0,0,1,0,1,0,1,8,0,1,1,1,1,1,0,1,0,0,0,0,0,0,0,0,0,0
348,male,18,student,no,0,0,0,1,0,0,10,0,1,1,1,1,0,0,0,0,0,0,0,1,0,1,0,0,0,5,0,1,0,0,0,0,1,1,0,0,1,0,1,0,8,10,1,0,0,0,0,1,0,0,0,0,1,1,1,0,10,few,bureaucratic_empire,7,7,10,0,0,1,0,0,0,1,0,0,1,1,0,10,0,1,1,1,1,0,0,1,0,0,0,0,0,0,1,0,0,0
349,male,37,employment,no,1,1,1,1,0,0,8,1,0,1,0,0,0,0,1,1,0,0,0,1,0,0,1,1,0,9,1,0,0,0,0,0,1,0,0,0,1,1,1,0,10,4,0,0,0,0,1,0,0,1,0,1,0,1,1,0,8,few,up_to_25,7,9,3,0,1,1,0,0,0,0,0,1,1,0,0,10,1,1,1,0,1,0,0,1,0,0,0,1,0,0,0,0,0,0
350,male,36,employment,no,0,0,0,1,0,0,10,0,0,0,1,1,1,0,1,0,0,0,0,0,1,0,0,0,0,3,0,1,0,1,0,0,0,0,0,0,0,1,0,0,6,7,1,0,0,0,0,1,1,0,1,1,0,0,0,0,8,few,bureaucratic_empire,3,3,3,0,0,0,0,0,1,0,0,1,0,1,0,8,0,0,0,1,1,0,0,0,1,0,0,0,1,0,0,1,0,1
351,female,34,employment,no,0,0,1,1,0,0,1,0,0,0,0,0,0,0,0,0,0,0,0,1,0,0,1,0,0,1,1,0,0,0,1,0,0,0,0,0,1,0,1,1,10,10,0,0,0,0,1,1,0,1,1,1,0,0,0,0,10,few,up_to_25,1,10,7,1,0,0,0,0,0,1,1,1,0,0,0,10,0,0,1,0,1,0,0,0,0,0,0,0,0,0,0,1,0,0
352,male,30,employment,no,0,1,0,1,0,0,10,1,1,0,1,1,0,0,0,1,0,0,0,0,0,1,1,1,0,7,0,1,0,1,0,1,0,0,1,1,0,0,0,0,6,6,0,1,1,0,0,0,0,0,0,1,0,0,1,0,7,few,,6,7,8,0,0,1,0,0,1,0,0,0,0,1,1,8,0,1,0,1,1,0,0,1,0,0,0,1,0,0,0,0,0,1
353,male,57,employment,no,1,0,1,1,0,0,9,1,1,0,0,0,0,0,1,0,0,0,0,0,0,1,1,1,0,4,0,0,0,1,0,1,0,0,0,0,0,0,1,1,5,10,0,0,0,0,1,0,0,0,0,0,0,0,1,0,7,few,up_to_50,4,4,5,0,1,0,0,0,0,0,0,0,0,1,1,10,0,0,0,1,1,0,0,0,0,0,1,1,0,0,0,1,0,0
356,male,34,employment,no,0,0,0,1,0,0,6,0,1,1,0,0,1,0,1,1,0,0,0,1,0,0,1,1,0,5,0,0,0,0,0,1,1,0,1,1,0,0,1,0,5,8,0,0,0,0,0,0,0,0,0,1,1,1,0,0,5,few,up_to_10,8,7,10,0,0,0,1,0,0,1,0,0,1,0,1,8,0,0,0,0,0,0,0,0,0,1,1,0,1,0,0,1,0,0
357,male,,employment,yes,1,0,1,1,0,0,10,0,1,1,0,0,1,0,1,0,1,0,0,1,0,1,1,0,0,8,0,0,0,1,0,1,0,1,0,1,0,1,0,0,8,10,0,1,0,0,0,0,0,0,1,1,1,1,0,0,5,few,small_or_automanage,7,9,4,0,1,0,0,0,0,0,1,0,0,1,1,10,0,1,0,1,0,0,0,1,0,0,1,0,1,0,1,0,0,0
359,male,16,student,no,1,1,1,1,0,0,7,1,1,0,0,0,1,0,1,0,0,0,0,1,0,0,0,0,0,8,1,1,0,1,0,1,0,0,0,0,0,0,0,1,6,5,0,0,0,0,0,0,0,0,1,1,1,1,0,0,7,few,bureaucratic_empire,9,4,6,0,0,0,0,0,0,1,0,1,0,0,1,8,0,0,1,0,1,0,0,0,1,0,1,0,0,1,1,0,0,0
360,male,31,employment,yes,0,0,1,1,0,0,10,1,1,1,0,0,0,0,0,0,1,0,0,1,0,0,1,1,0,8,0,1,0,1,0,0,0,1,1,0,1,0,0,0,5,7,0,1,0,0,0,0,0,0,1,1,1,0,0,1,7,few,up_to_25,8,10,4,0,0,0,1,0,0,0,0,0,0,0,0,9,0,1,1,0,0,0,0,0,0,0,0,0,0,1,1,0,0,0
361,male,43,employment,no,1,0,1,1,0,0,8,0,0,1,0,0,0,0,0,0,0,0,0,0,0,0,1,1,0,6,1,1,0,1,0,1,0,0,0,0,0,0,0,1,7,7,0,0,0,0,1,1,0,0,1,1,0,0,1,0,5,few,up_to_10,6,6,7,0,0,1,0,0,0,0,1,0,0,1,0,5,0,0,1,0,0,0,0,1,0,0,0,1,0,0,0,0,0,1
362,male,35,employment,no,0,0,0,1,0,0,10,1,1,1,1,0,0,0,0,0,1,0,0,1,0,1,0,0,0,9,1,1,0,0,0,1,0,0,0,0,0,0,0,1,8,8,0,1,0,0,0,0,0,1,1,0,0,1,1,0,9,the_more_the_better,up_to_50,9,8,4,0,0,0,1,0,1,1,0,0,0,1,0,9,0,0,1,0,1,1,0,0,0,0,0,0,0,0,1,0,0,0
